other,VBZ,VBP,word
0.8333333333333334,0.0,0.16666666666666666,notice
0.0,1.0,0.0,settles
0.0,1.0,0.0,reacts
0.0,1.0,0.0,enjoys
0.0,0.125,0.875,ai
0.75,0.0,0.25,meet
0.0,1.0,0.0,shakes
0.95,0.05,0.0,repairs
0.8051948051948052,0.19480519480519481,0.0,measures
0.9,0.0,0.1,declare
0.0,1.0,0.0,considers
0.5,0.5,0.0,hooks
0.0,1.0,0.0,condemns
0.0,1.0,0.0,contributes
0.0,1.0,0.0,recites
0.0,1.0,0.0,alienates
0.5,0.5,0.0,counts
0.0,0.0,1.0,crave
0.7777777777777778,0.0,0.2222222222222222,score
0.0,1.0,0.0,underperforms
0.0,0.0,1.0,activate
0.8333333333333334,0.0,0.16666666666666666,blanket
0.8666666666666667,0.0,0.13333333333333333,slash
0.9,0.0,0.1,stress
0.75,0.0,0.25,learn
0.0,1.0,0.0,cancels
0.0,1.0,0.0,resurrects
0.0,1.0,0.0,hails
0.0,1.0,0.0,masks
0.0,1.0,0.0,torments
0.75,0.25,0.0,hosts
0.7333333333333333,0.0,0.26666666666666666,commit
0.0,1.0,0.0,oversees
0.5555555555555556,0.4444444444444444,0.0,doubts
0.5,0.0,0.5,depict
0.0,1.0,0.0,stirs
0.9705882352941176,0.0,0.029411764705882353,catch
0.5,0.5,0.0,logs
0.0,0.0,1.0,criss-cross
0.5,0.0,0.5,collaborate
0.6666666666666666,0.0,0.3333333333333333,rely
0.75,0.0,0.25,aggravate
0.9166666666666666,0.0,0.08333333333333333,accelerate
0.9523809523809523,0.0,0.047619047619047616,hurt
0.0,1.0,0.0,identifies
0.0,1.0,0.0,isolates
0.0,0.0,1.0,perceive
0.2857142857142857,0.0,0.7142857142857143,underscore
0.8888888888888888,0.1111111111111111,0.0,talks
0.5,0.5,0.0,alternates
0.9090909090909091,0.0,0.09090909090909091,cry
0.5,0.5,0.0,caters
0.0,1.0,0.0,descends
0.0,1.0,0.0,competes
0.0,0.0,1.0,wrack
0.0,1.0,0.0,climbs
0.916083916083916,0.08391608391608392,0.0,points
0.9473684210526315,0.0,0.05263157894736842,jump
0.0,1.0,0.0,closes
0.0,0.0,1.0,thrive
0.0,1.0,0.0,prompts
0.0,0.0,1.0,corroborate
0.0,0.0,1.0,chafe
0.6666666666666666,0.0,0.3333333333333333,ruin
0.6,0.4,0.0,totals
0.0,1.0,0.0,spins
0.5714285714285714,0.0,0.42857142857142855,arise
0.9,0.0,0.1,apply
0.8695652173913043,0.13043478260869565,0.0,targets
0.25,0.0,0.75,observe
0.8888888888888888,0.0,0.1111111111111111,shoot
0.9310344827586207,0.0,0.06896551724137931,warrant
0.5545454545454546,0.0,0.44545454545454544,appear
0.78125,0.0,0.21875,assume
0.0,1.0,0.0,restricts
0.0,1.0,0.0,discerns
0.8,0.0,0.2,liberalize
0.7272727272727273,0.0,0.2727272727272727,disappear
0.75,0.25,0.0,alarms
0.0,1.0,0.0,forbids
0.8333333333333334,0.16666666666666666,0.0,strokes
0.8,0.0,0.2,resell
0.0,1.0,0.0,develops
0.0,1.0,0.0,authorizes
0.5,0.0,0.5,clutch
0.8,0.0,0.2,map
0.8333333333333334,0.0,0.16666666666666666,outperform
0.8333333333333334,0.0,0.16666666666666666,punch
0.25,0.75,0.0,laughs
0.8913043478260869,0.10869565217391304,0.0,fears
0.0,1.0,0.0,triggers
0.0,1.0,0.0,believes
0.875,0.0,0.125,treat
0.6233766233766234,0.0,0.37662337662337664,know
0.9,0.0,0.1,float
0.0,0.0,1.0,recede
0.0,1.0,0.0,portrays
0.3333333333333333,0.6666666666666666,0.0,slaps
0.7592592592592593,0.0,0.24074074074074073,hear
0.0,1.0,0.0,connects
0.3333333333333333,0.6666666666666666,0.0,sows
0.0,1.0,0.0,concludes
0.6666666666666666,0.0,0.3333333333333333,insure
0.5,0.0,0.5,sow
0.972972972972973,0.0,0.02702702702702703,participate
0.0,1.0,0.0,rejects
0.0,1.0,0.0,foresees
0.8571428571428571,0.0,0.14285714285714285,hint
0.36363636363636365,0.0,0.6363636363636364,illustrate
0.8,0.0,0.2,dwarf
0.0,1.0,0.0,loathes
0.8421052631578947,0.15789473684210525,0.0,leases
0.9230769230769231,0.0,0.07692307692307693,convince
0.5,0.0,0.5,cloak
0.0,1.0,0.0,inflates
0.9761904761904762,0.0,0.023809523809523808,name
0.5,0.5,0.0,exhibits
0.8,0.0,0.2,characterize
0.96875,0.0,0.03125,probe
0.5555555555555556,0.0,0.4444444444444444,resemble
0.7837837837837838,0.0,0.21621621621621623,expire
0.75,0.0,0.25,lap
0.75,0.0,0.25,discover
0.8333333333333334,0.0,0.16666666666666666,pale
0.3333333333333333,0.0,0.6666666666666666,resent
0.0,1.0,0.0,constitutes
0.0,1.0,0.0,erases
0.7777777777777778,0.0,0.2222222222222222,collect
0.9354838709677419,0.0,0.06451612903225806,approach
0.7333333333333333,0.0,0.26666666666666666,describe
0.9692307692307692,0.0,0.03076923076923077,wake
0.9857142857142858,0.0,0.014285714285714285,test
0.9375,0.0,0.0625,stay
0.9444444444444444,0.05555555555555555,0.0,initiatives
0.0,1.0,0.0,symbolizes
0.0,1.0,0.0,solves
0.25,0.75,0.0,dons
0.0,1.0,0.0,hobbles
0.75,0.25,0.0,slides
0.0,1.0,0.0,arbitrates
0.0,1.0,0.0,decides
0.5,0.0,0.5,trumpet
0.8442622950819673,0.1557377049180328,0.0,increases
0.19047619047619047,0.8095238095238095,0.0,likes
0.5555555555555556,0.0,0.4444444444444444,employ
0.96875,0.03125,0.0,damages
0.9491525423728814,0.0,0.05084745762711865,replace
0.9076923076923077,0.0,0.09230769230769231,exercise
0.75,0.25,0.0,pins
0.5,0.5,0.0,rivets
0.9285714285714286,0.07142857142857142,0.0,forms
0.9666666666666667,0.0,0.03333333333333333,restructure
0.7931034482758621,0.0,0.20689655172413793,borrow
0.625,0.0,0.375,object
0.9896907216494846,0.0,0.010309278350515464,purchase
0.0,0.0,1.0,disapprove
0.0,1.0,0.0,slogs
0.0,1.0,0.0,affects
0.5,0.0,0.5,feel
0.9833333333333333,0.0,0.016666666666666666,matter
0.53125,0.46875,0.0,causes
0.959731543624161,0.0,0.040268456375838924,support
0.18072289156626506,0.8192771084337349,0.0,runs
0.8,0.0,0.2,dismiss
0.375,0.0,0.625,accuse
0.9444444444444444,0.05555555555555555,0.0,averages
0.8125,0.0,0.1875,propose
0.9230769230769231,0.0,0.07692307692307693,damp
0.0,0.0,1.0,slam
0.875,0.0,0.125,grab
0.9230769230769231,0.0,0.07692307692307693,widen
0.0,1.0,0.0,frets
0.9210526315789473,0.0,0.07894736842105263,draw
0.0,1.0,0.0,pegs
0.8333333333333334,0.0,0.16666666666666666,trespass
0.0,1.0,0.0,attends
0.0,1.0,0.0,erodes
0.7857142857142857,0.0,0.21428571428571427,prepare
0.9,0.0,0.1,lack
0.9824561403508771,0.0,0.017543859649122806,rest
0.14285714285714285,0.8571428571428571,0.0,matches
0.8,0.2,0.0,maneuvers
0.0,1.0,0.0,urges
0.0,0.0,1.0,conspire
0.9361702127659575,0.0,0.06382978723404255,cause
0.0,1.0,0.0,counsels
0.0,1.0,0.0,awaits
0.7333333333333333,0.0,0.26666666666666666,deny
0.9285714285714286,0.07142857142857142,0.0,photographs
0.7804878048780488,0.0,0.21951219512195122,rise
0.7142857142857143,0.0,0.2857142857142857,criticize
0.0,1.0,0.0,pronounces
0.7428571428571429,0.0,0.2571428571428571,suffer
0.0,1.0,0.0,keeps
0.0,1.0,0.0,snorts
0.0,0.0,1.0,stink
0.0,1.0,0.0,confirms
0.0,0.0,1.0,juxtapose
0.9583333333333334,0.0,0.041666666666666664,strengthen
0.0,1.0,0.0,refers
0.0,1.0,0.0,bullies
0.7647058823529411,0.0,0.23529411764705882,adjust
0.5,0.0,0.5,test-drive
0.9661016949152542,0.0,0.03389830508474576,discuss
0.8,0.0,0.2,eat
0.0,0.0,1.0,flare
0.8333333333333334,0.0,0.16666666666666666,span
0.9375,0.0,0.0625,harm
0.0,1.0,0.0,culminates
0.49333333333333335,0.0,0.5066666666666667,agree
0.0,1.0,0.0,precedes
0.42857142857142855,0.5714285714285714,0.0,wins
0.0,1.0,0.0,approves
0.8333333333333334,0.16666666666666666,0.0,searches
0.0,1.0,0.0,convenes
0.0,1.0,0.0,varies
0.8636363636363636,0.0,0.13636363636363635,plan
0.0,1.0,0.0,accompanies
0.0,0.0,1.0,pontificate
0.9411764705882353,0.0,0.058823529411764705,evaluate
0.75,0.0,0.25,discourage
0.0,1.0,0.0,confesses
0.8888888888888888,0.0,0.1111111111111111,deliver
0.0,1.0,0.0,introduces
0.3333333333333333,0.0,0.6666666666666666,denounce
0.0,1.0,0.0,depresses
0.8333333333333334,0.0,0.16666666666666666,spurt
0.0,0.0,1.0,coextrude
0.0,1.0,0.0,cheapens
0.9906542056074766,0.009345794392523364,0.0,regulators
0.0,1.0,0.0,enhances
0.9498607242339833,0.0,0.05013927576601671,offer
0.8095238095238095,0.19047619047619047,0.0,licenses
0.8157894736842105,0.0,0.18421052631578946,earn
0.8333333333333334,0.0,0.16666666666666666,celebrate
0.0,1.0,0.0,recognizes
0.8166666666666667,0.0,0.18333333333333332,serve
0.0,1.0,0.0,reasserts
0.8,0.2,0.0,challenges
0.7105263157894737,0.0,0.2894736842105263,involve
0.9611650485436893,0.0,0.038834951456310676,focus
0.0,1.0,0.0,proposes
0.0,1.0,0.0,commends
0.0,1.0,0.0,gloats
0.7777777777777778,0.0,0.2222222222222222,specialize
0.0,1.0,0.0,delves
0.0,1.0,0.0,sits
0.0,1.0,0.0,invests
0.7792207792207793,0.0,0.22077922077922077,favor
0.0,1.0,0.0,collects
0.0,1.0,0.0,perceives
0.8333333333333334,0.16666666666666666,0.0,answers
0.9611650485436893,0.0,0.038834951456310676,improve
0.0,1.0,0.0,spurs
0.02197802197802198,0.978021978021978,0.0,remains
0.0,1.0,0.0,crushes
0.75,0.0,0.25,stem
0.0,1.0,0.0,thrives
0.7333333333333333,0.26666666666666666,0.0,approaches
0.47058823529411764,0.0,0.5294117647058824,prefer
0.5,0.0,0.5,peruse
0.0,1.0,0.0,neutralizes
0.6666666666666666,0.0,0.3333333333333333,regroup
0.8333333333333334,0.0,0.16666666666666666,entice
0.0,1.0,0.0,typifies
0.0,1.0,0.0,backflips
0.9736842105263158,0.02631578947368421,0.0,rules
0.0,1.0,0.0,slips
0.5,0.5,0.0,locks
0.9787234042553191,0.02127659574468085,0.0,purchases
0.9259259259259259,0.0,0.07407407407407407,repair
0.5,0.0,0.5,cling
0.9166666666666666,0.0,0.08333333333333333,erode
0.0,1.0,0.0,sucks
0.7261904761904762,0.0,0.27380952380952384,claim
0.9,0.1,0.0,shifts
0.0,1.0,0.0,wields
0.9,0.0,0.1,bankrupt
0.9322033898305084,0.0,0.06779661016949153,handle
0.9565217391304348,0.0,0.043478260869565216,join
0.0,1.0,0.0,hears
0.8571428571428571,0.0,0.14285714285714285,sink
0.54,0.46,0.0,sets
0.5,0.5,0.0,finishes
0.0,1.0,0.0,sustains
0.0,1.0,0.0,astounds
0.8,0.0,0.2,emphasize
0.0,1.0,0.0,outshines
0.0,1.0,0.0,wallops
0.9545454545454546,0.0,0.045454545454545456,overcome
0.9916666666666667,0.0,0.008333333333333333,separate
0.0,1.0,0.0,clarifies
0.8947368421052632,0.0,0.10526315789473684,pass
0.0,1.0,0.0,accepts
0.0,1.0,0.0,wears
0.0,1.0,0.0,snaps
0.0,1.0,0.0,lets
0.0,1.0,0.0,consists
0.0,1.0,0.0,distorts
0.9,0.0,0.1,bother
0.2,0.8,0.0,hires
0.75,0.0,0.25,ponder
0.3333333333333333,0.6666666666666666,0.0,pauses
0.0,1.0,0.0,embodies
0.0,1.0,0.0,conducts
0.6666666666666666,0.0,0.3333333333333333,exceed
0.8571428571428571,0.0,0.14285714285714285,fault
0.975,0.0,0.025,announce
0.2222222222222222,0.7777777777777778,0.0,struggles
0.0,1.0,0.0,testifies
0.6,0.4,0.0,resorts
0.0,1.0,0.0,follows
0.9411764705882353,0.058823529411764705,0.0,subjects
0.38095238095238093,0.0,0.6190476190476191,disagree
0.9298245614035088,0.07017543859649122,0.0,votes
0.0,1.0,0.0,replaces
0.9285714285714286,0.0,0.07142857142857142,assess
0.75,0.0,0.25,die
0.3333333333333333,0.0,0.6666666666666666,overlook
0.75,0.0,0.25,scream
0.0,0.0,1.0,amuse
0.0,1.0,0.0,endorses
0.5,0.0,0.5,construe
0.0,1.0,0.0,co-edits
0.4,0.0,0.6,imply
0.6666666666666666,0.3333333333333333,0.0,accounts
0.5454545454545454,0.45454545454545453,0.0,drops
0.0,1.0,0.0,restructures
0.0,1.0,0.0,acquires
0.0,1.0,0.0,insists
0.0,1.0,0.0,indicates
0.5,0.0,0.5,overlap
0.2222222222222222,0.7777777777777778,0.0,sounds
0.10526315789473684,0.8947368421052632,0.0,reaches
0.9523809523809523,0.0,0.047619047619047616,crack
0.9347826086956522,0.06521739130434782,0.0,demands
0.0,1.0,0.0,ripens
0.0,1.0,0.0,boils
0.0,1.0,0.0,name-drops
0.96,0.0,0.04,conduct
0.7142857142857143,0.2857142857142857,0.0,stars
0.4,0.0,0.6,oppose
0.8852459016393442,0.0,0.11475409836065574,invest
0.0,1.0,0.0,displeases
0.0,1.0,0.0,implements
0.0,1.0,0.0,strangles
0.0,0.0,1.0,re-emphasize
0.7272727272727273,0.2727272727272727,0.0,estimates
0.0,0.0,1.0,am
0.8392857142857143,0.16071428571428573,0.0,limits
0.8,0.0,0.2,lecture
0.3333333333333333,0.6666666666666666,0.0,smiles
0.8936170212765957,0.0,0.10638297872340426,win
0.6129032258064516,0.0,0.3870967741935484,fail
0.0,1.0,0.0,presumes
0.0,1.0,0.0,impedes
0.0,1.0,0.0,furrows
0.9285714285714286,0.0,0.07142857142857142,pack
0.0,1.0,0.0,reaffirms
0.19047619047619047,0.8095238095238095,0.0,puts
0.0,1.0,0.0,purports
0.0,1.0,0.0,comes
0.75,0.0,0.25,convene
0.0,0.0,1.0,conjure
0.0,1.0,0.0,blames
0.9347826086956522,0.06521739130434782,0.0,concerns
0.0,1.0,0.0,surfaces
0.8285714285714286,0.0,0.17142857142857143,carry
0.6666666666666666,0.3333333333333333,0.0,lapses
0.0,1.0,0.0,wanes
0.0,1.0,0.0,disposes
0.0,1.0,0.0,chastises
0.75,0.0,0.25,simplify
0.6666666666666666,0.0,0.3333333333333333,find
0.0,1.0,0.0,participates
0.0,1.0,0.0,concedes
0.0,1.0,0.0,feels
0.9090909090909091,0.0,0.09090909090909091,drive
0.0,1.0,0.0,rhymes
0.85,0.0,0.15,travel
0.0,0.0,1.0,decapitalize
0.875,0.0,0.125,facilitate
0.0,1.0,0.0,subscribes
0.6666666666666666,0.0,0.3333333333333333,re-evaluate
0.0,1.0,0.0,mixes
0.8936170212765957,0.0,0.10638297872340426,write
0.0,1.0,0.0,drags
0.8,0.0,0.2,smile
0.8214285714285714,0.0,0.17857142857142858,reject
0.8888888888888888,0.1111111111111111,0.0,pits
0.8421052631578947,0.15789473684210525,0.0,disputes
0.0,0.0,1.0,unroll
0.4,0.0,0.6,fret
0.0,1.0,0.0,manipulates
0.0,1.0,0.0,pays
0.9,0.0,0.1,undercut
0.75,0.0,0.25,crowd
0.8842975206611571,0.11570247933884298,0.0,trades
0.0,1.0,0.0,coincides
0.5,0.5,0.0,wanders
0.0,1.0,0.0,interferes
0.0,1.0,0.0,appreciates
0.9523809523809523,0.0,0.047619047619047616,combine
0.75,0.0,0.25,invent
0.0,1.0,0.0,jeopardizes
0.3333333333333333,0.6666666666666666,0.0,freezes
0.6666666666666666,0.0,0.3333333333333333,exhaust
0.0,1.0,0.0,quits
0.0,1.0,0.0,resonates
0.0,0.0,1.0,obstruct
0.0,1.0,0.0,destroys
0.0,1.0,0.0,perpetuates
0.0,1.0,0.0,equips
0.0,1.0,0.0,devises
0.0,1.0,0.0,cries
0.0,1.0,0.0,gushes
0.0,0.0,1.0,evoke
0.8333333333333334,0.0,0.16666666666666666,compliment
0.6666666666666666,0.0,0.3333333333333333,overreact
0.0,1.0,0.0,recovers
0.0,1.0,0.0,unites
0.7692307692307693,0.0,0.23076923076923078,arrive
0.8888888888888888,0.0,0.1111111111111111,sweat
0.75,0.0,0.25,paint
0.0,0.0,1.0,memorize
0.0,1.0,0.0,borrows
0.9375,0.0,0.0625,reverse
0.0,1.0,0.0,computes
0.967032967032967,0.0,0.03296703296703297,head
0.0,1.0,0.0,latches
0.0,1.0,0.0,feeds
0.7777777777777778,0.0,0.2222222222222222,recommend
0.0,1.0,0.0,handles
0.6666666666666666,0.0,0.3333333333333333,think
0.0,1.0,0.0,waives
0.9565217391304348,0.0,0.043478260869565216,proceed
0.0,1.0,0.0,evaluates
0.0,1.0,0.0,does
0.9090909090909091,0.09090909090909091,0.0,tires
0.0,1.0,0.0,fills
0.75,0.25,0.0,nets
0.953125,0.0,0.046875,happen
0.5,0.0,0.5,lash
0.0,1.0,0.0,prefers
0.0,1.0,0.0,stems
0.0,1.0,0.0,sleeps
0.125,0.875,0.0,alleges
0.9,0.0,0.1,breed
0.0,0.0,1.0,romp
0.9473684210526315,0.0,0.05263157894736842,zero
0.0,1.0,0.0,presages
0.9166666666666666,0.08333333333333333,0.0,centers
0.5,0.5,0.0,surges
0.9428571428571428,0.0,0.05714285714285714,shape
0.0,0.0,1.0,retrench
0.07407407407407407,0.9259259259259259,0.0,admits
0.0,1.0,0.0,understands
0.7647058823529411,0.23529411764705882,0.0,ranges
0.0,1.0,0.0,employs
0.0,0.0,1.0,empower
0.0,1.0,0.0,dwarfs
0.0,0.0,1.0,defy
0.8181818181818182,0.0,0.18181818181818182,prevail
0.9230769230769231,0.0,0.07692307692307693,shoulder
0.75,0.0,0.25,ripple
0.0,1.0,0.0,tells
0.8571428571428571,0.0,0.14285714285714285,convey
0.1111111111111111,0.8888888888888888,0.0,walks
0.9714285714285714,0.0,0.02857142857142857,weather
0.6666666666666666,0.0,0.3333333333333333,fudge
0.375,0.0,0.625,constitute
0.96875,0.0,0.03125,revive
0.8571428571428571,0.0,0.14285714285714285,persist
0.0,1.0,0.0,raves
0.9764705882352941,0.0,0.023529411764705882,spread
0.9545454545454546,0.0,0.045454545454545456,honor
0.0,1.0,0.0,confuses
0.0,1.0,0.0,transforms
0.0,1.0,0.0,aces
0.0,1.0,0.0,consolidates
0.8,0.0,0.2,donate
0.0,1.0,0.0,disappears
0.4375,0.5625,0.0,processes
0.8,0.2,0.0,views
0.0,1.0,0.0,consigns
0.9090909090909091,0.0,0.09090909090909091,mine
0.9523809523809523,0.0,0.047619047619047616,pick
0.0,1.0,0.0,croons
0.18181818181818182,0.8181818181818182,0.0,presents
0.9545454545454546,0.0,0.045454545454545456,hedge
0.8181818181818182,0.0,0.18181818181818182,fare
0.4424778761061947,0.5575221238938053,0.0,offers
0.8787878787878788,0.0,0.12121212121212122,give
0.8888888888888888,0.0,0.1111111111111111,figure
0.0,1.0,0.0,muzzles
0.0,1.0,0.0,illuminates
0.0,1.0,0.0,assures
0.9852941176470589,0.0,0.014705882352941176,got
0.875,0.0,0.125,quote
0.5,0.0,0.5,peddle
0.0,1.0,0.0,violates
0.16666666666666666,0.8333333333333334,0.0,leads
0.9,0.1,0.0,steps
0.0,1.0,0.0,overcomes
0.9125,0.0,0.0875,turn
0.0,1.0,0.0,argues
0.0,1.0,0.0,coordinates
0.0,0.0,1.0,flunk
0.8461538461538461,0.0,0.15384615384615385,bounce
0.9090909090909091,0.0,0.09090909090909091,analyze
0.0,1.0,0.0,gets
0.0,1.0,0.0,submits
0.8,0.2,0.0,pledges
0.0,1.0,0.0,attests
0.0,1.0,0.0,improves
0.0,1.0,0.0,reads
0.0,1.0,0.0,inhabits
0.0,1.0,0.0,regains
0.0,1.0,0.0,prevails
0.8571428571428571,0.0,0.14285714285714285,reap
0.8181818181818182,0.0,0.18181818181818182,choose
0.8571428571428571,0.14285714285714285,0.0,fights
0.0,1.0,0.0,catches
0.0,0.0,1.0,enrich
0.9692307692307692,0.03076923076923077,0.0,warrants
0.0,1.0,0.0,regards
0.0,0.0,1.0,sanitize
0.75,0.0,0.25,skip
0.9166666666666666,0.0,0.08333333333333333,assault
0.875,0.0,0.125,detect
0.0,1.0,0.0,welcomes
0.0,1.0,0.0,evens
0.9402985074626866,0.0,0.05970149253731343,help
0.8125,0.0,0.1875,advise
0.0,1.0,0.0,derives
0.0,1.0,0.0,regulates
0.0,1.0,0.0,disclaims
0.0,1.0,0.0,cleans
0.0,1.0,0.0,narrows
0.75,0.0,0.25,cheat
0.48214285714285715,0.0,0.5178571428571429,do
0.9090909090909091,0.0,0.09090909090909091,conform
0.96,0.0,0.04,negotiate
0.0,1.0,0.0,criticizes
0.0,1.0,0.0,ignores
0.0,1.0,0.0,purges
0.8571428571428571,0.0,0.14285714285714285,attach
0.875,0.0,0.125,limit
0.6666666666666666,0.3333333333333333,0.0,sighs
0.4,0.6,0.0,stretches
0.0,1.0,0.0,scoffs
0.0,1.0,0.0,deters
0.75,0.0,0.25,manifest
0.8444444444444444,0.0,0.15555555555555556,create
0.0007127583749109052,0.9992872416250891,0.0,has
0.0,0.0,1.0,align
0.0,1.0,0.0,misrepresents
0.2857142857142857,0.0,0.7142857142857143,hate
0.0,1.0,0.0,qualifies
0.0,1.0,0.0,rebuts
0.0,0.0,1.0,abound
0.9,0.0,0.1,relax
0.0,1.0,0.0,originates
0.0,1.0,0.0,fusses
0.6666666666666666,0.0,0.3333333333333333,adapt
0.0,1.0,0.0,adds
0.5,0.0,0.5,belie
0.0,1.0,0.0,roars
0.0,1.0,0.0,fluctuates
0.0,1.0,0.0,persuades
0.0,1.0,0.0,progresses
0.5,0.5,0.0,scares
0.0,1.0,0.0,dabs
0.0,1.0,0.0,dawns
0.0,1.0,0.0,asks
0.0,1.0,0.0,misses
0.0,1.0,0.0,depends
0.5,0.5,0.0,shoots
0.7142857142857143,0.0,0.2857142857142857,react
0.7142857142857143,0.2857142857142857,0.0,crashes
0.8,0.0,0.2,withhold
0.9166666666666666,0.08333333333333333,0.0,circles
0.0,1.0,0.0,aggravates
0.7777777777777778,0.0,0.2222222222222222,sleep
0.0,1.0,0.0,celebrates
0.0,0.0,1.0,befall
0.45454545454545453,0.0,0.5454545454545454,refer
0.75,0.0,0.25,surpass
0.0,1.0,0.0,overlays
0.7763157894736842,0.2236842105263158,0.0,claims
0.989010989010989,0.01098901098901099,0.0,factors
0.6666666666666666,0.0,0.3333333333333333,liquefy
0.0,1.0,0.0,shoves
0.0,1.0,0.0,gives
0.0,1.0,0.0,arrives
0.0,1.0,0.0,relishes
0.9375,0.0625,0.0,committees
0.0,1.0,0.0,resells
0.4375,0.0,0.5625,concede
0.75,0.0,0.25,rush
0.0,1.0,0.0,pertains
0.6666666666666666,0.0,0.3333333333333333,multiply
0.0,1.0,0.0,shags
0.9090909090909091,0.0,0.09090909090909091,interpret
0.9090909090909091,0.09090909090909091,0.0,polls
0.6363636363636364,0.0,0.36363636363636365,walk
0.0,1.0,0.0,contemplates
0.9230769230769231,0.0,0.07692307692307693,kill
0.75,0.25,0.0,lifts
0.0,0.0,1.0,graze
0.5,0.5,0.0,recruits
0.0,1.0,0.0,floats
0.0,1.0,0.0,denies
0.8571428571428571,0.0,0.14285714285714285,approve
0.0,1.0,0.0,weakens
0.6666666666666666,0.3333333333333333,0.0,hits
0.0,0.0,1.0,stare
0.75,0.25,0.0,places
0.0,1.0,0.0,exceeds
0.0,0.0,1.0,grumble
0.0,1.0,0.0,devotes
0.0,1.0,0.0,professes
0.96,0.0,0.04,touch
0.0,1.0,0.0,spawns
0.045454545454545456,0.9545454545454546,0.0,tries
0.8571428571428571,0.14285714285714285,0.0,inspectors
0.3333333333333333,0.6666666666666666,0.0,regrets
0.6666666666666666,0.0,0.3333333333333333,omit
0.0,1.0,0.0,pushes
0.9925650557620818,0.0,0.007434944237918215,amount
0.9577464788732394,0.0,0.04225352112676056,shift
0.0,0.0,1.0,unlock
0.75,0.25,0.0,rails
0.0,1.0,0.0,tackles
0.5,0.5,0.0,needs
0.0,1.0,0.0,contends
0.9411764705882353,0.0,0.058823529411764705,follow
0.0,1.0,0.0,intends
0.0,1.0,0.0,hangs
0.9,0.0,0.1,fulfill
0.8333333333333334,0.0,0.16666666666666666,chart
0.8,0.2,0.0,barges
0.0,1.0,0.0,depletes
0.6666666666666666,0.0,0.3333333333333333,remind
0.9285714285714286,0.0,0.07142857142857142,view
0.8333333333333334,0.0,0.16666666666666666,inspire
0.9473684210526315,0.0,0.05263157894736842,sponsor
0.2,0.8,0.0,sees
0.38461538461538464,0.0,0.6153846153846154,deserve
0.0,1.0,0.0,aspires
0.6666666666666666,0.0,0.3333333333333333,smack
0.0,0.0,1.0,squeegee
0.75,0.25,0.0,attempts
0.17647058823529413,0.0,0.8235294117647058,vary
0.0,0.0,1.0,blurt
0.0,1.0,0.0,seems
0.6666666666666666,0.0,0.3333333333333333,stroll
0.0,1.0,0.0,applauds
0.0,1.0,0.0,frequents
0.8529411764705882,0.0,0.14705882352941177,use
0.8235294117647058,0.0,0.17647058823529413,listen
0.9032258064516129,0.0,0.0967741935483871,display
0.0,1.0,0.0,nods
0.0,1.0,0.0,dissolves
0.0,1.0,0.0,informs
0.0,1.0,0.0,reveals
0.6666666666666666,0.3333333333333333,0.0,spurts
0.0,1.0,0.0,responds
0.0,1.0,0.0,coerces
0.875,0.125,0.0,bursts
0.8,0.0,0.2,stick
0.0,1.0,0.0,pales
0.0,1.0,0.0,persists
0.8765432098765432,0.0,0.12345679012345678,accept
0.9171122994652406,0.08288770053475936,0.0,costs
0.0,1.0,0.0,reclaims
0.6666666666666666,0.3333333333333333,0.0,fumes
0.0,1.0,0.0,behaves
0.04,0.96,0.0,finds
0.9583333333333334,0.041666666666666664,0.0,routes
0.0,1.0,0.0,generates
0.6666666666666666,0.3333333333333333,0.0,dates
0.0,1.0,0.0,carries
0.32558139534883723,0.6744186046511628,0.0,means
0.3333333333333333,0.0,0.6666666666666666,cite
0.972972972972973,0.0,0.02702702702702703,slump
0.0,1.0,0.0,eats
0.6666666666666666,0.0,0.3333333333333333,lumber
0.2857142857142857,0.0,0.7142857142857143,expect
0.9090909090909091,0.0,0.09090909090909091,emerge
0.0,0.0,1.0,spout
0.2,0.8,0.0,stresses
0.5,0.0,0.5,perpetuate
0.5,0.5,0.0,lumps
0.4,0.6,0.0,harms
0.0,0.0,1.0,fatten
0.9285714285714286,0.0,0.07142857142857142,pump
0.5,0.0,0.5,bury
0.99,0.0,0.01,chance
0.0,1.0,0.0,mirrors
0.0,1.0,0.0,gathers
0.9090909090909091,0.0,0.09090909090909091,hold
0.9333333333333333,0.0,0.06666666666666667,retire
0.5,0.0,0.5,outpace
0.0,1.0,0.0,deplores
0.9666666666666667,0.03333333333333333,0.0,sanctions
0.5,0.0,0.5,depart
0.8938547486033519,0.0,0.10614525139664804,begin
0.0,1.0,0.0,sends
0.8571428571428571,0.0,0.14285714285714285,praise
0.0,1.0,0.0,unmasks
0.0,1.0,0.0,depicts
0.0,1.0,0.0,investigates
0.9696969696969697,0.0,0.030303030303030304,deal
0.0,1.0,0.0,carves
0.5,0.5,0.0,digs
0.4583333333333333,0.5416666666666666,0.0,rises
0.3333333333333333,0.0,0.6666666666666666,confront
0.5,0.5,0.0,mandates
0.9230769230769231,0.0,0.07692307692307693,encourage
0.0,1.0,0.0,sidesteps
0.8947368421052632,0.0,0.10526315789473684,sell
0.9333333333333333,0.0,0.06666666666666667,pressure
0.0,1.0,0.0,comprises
0.25,0.75,0.0,ends
0.975,0.0,0.025,ease
0.0,1.0,0.0,deactivates
0.3333333333333333,0.6666666666666666,0.0,falters
0.0,1.0,0.0,trumpets
0.6923076923076923,0.0,0.3076923076923077,prohibit
0.6666666666666666,0.0,0.3333333333333333,sift
0.8571428571428571,0.0,0.14285714285714285,wipe
0.75,0.0,0.25,peg
0.0,1.0,0.0,commits
0.0,1.0,0.0,grovels
0.0,1.0,0.0,trundles
0.0,1.0,0.0,encompasses
0.0,1.0,0.0,complains
0.9090909090909091,0.09090909090909091,0.0,sums
0.6,0.0,0.4,prey
0.9375,0.0,0.0625,stretch
0.45,0.0,0.55,guess
0.021739130434782608,0.9782608695652174,0.0,makes
0.84375,0.15625,0.0,matters
0.6,0.0,0.4,kick
0.95,0.05,0.0,packages
0.0,1.0,0.0,mulls
0.0,1.0,0.0,eases
0.5,0.0,0.5,bankroll
0.0,1.0,0.0,explains
0.925,0.0,0.075,put
0.0,1.0,0.0,maintains
0.75,0.0,0.25,damped
0.0,1.0,0.0,sings
0.0,1.0,0.0,bolsters
0.0,1.0,0.0,growls
0.0,1.0,0.0,predicts
0.0,1.0,0.0,reconciles
0.0,1.0,0.0,obliges
0.0,1.0,0.0,frees
0.0,1.0,0.0,predates
0.9166666666666666,0.08333333333333333,0.0,yields
0.0,1.0,0.0,attracts
0.5,0.0,0.5,unleash
0.5,0.0,0.5,sit
0.9428571428571428,0.0,0.05714285714285714,license
0.0,1.0,0.0,penalizes
0.1951219512195122,0.8048780487804879,0.0,leaves
0.0,1.0,0.0,confers
0.6363636363636364,0.0,0.36363636363636365,underwrite
0.42857142857142855,0.0,0.5714285714285714,attribute
0.9583333333333334,0.0,0.041666666666666664,review
0.0,1.0,0.0,lays
0.5555555555555556,0.0,0.4444444444444444,worry
0.3333333333333333,0.6666666666666666,0.0,aims
0.0,0.0,1.0,latch
0.8823529411764706,0.0,0.11764705882352941,fit
0.0,1.0,0.0,proclaims
0.6666666666666666,0.0,0.3333333333333333,stray
0.0,1.0,0.0,resists
0.6666666666666666,0.0,0.3333333333333333,regard
0.0,1.0,0.0,completes
0.8,0.0,0.2,govern
0.8888888888888888,0.0,0.1111111111111111,see
0.0,1.0,0.0,whips
0.0,1.0,0.0,wows
0.3333333333333333,0.0,0.6666666666666666,toil
0.984375,0.015625,0.0,parties
0.0,1.0,0.0,emphasizes
0.8571428571428571,0.14285714285714285,0.0,rivals
0.8571428571428571,0.0,0.14285714285714285,wear
0.896551724137931,0.0,0.10344827586206896,hire
0.75,0.25,0.0,broadcasts
0.0,1.0,0.0,attaches
0.2901023890784983,0.0,0.7098976109215017,say
0.8208955223880597,0.0,0.1791044776119403,doubt
0.0,1.0,0.0,detests
0.0,1.0,0.0,wrestles
0.0,1.0,0.0,fulfills
0.9285714285714286,0.0,0.07142857142857142,steal
0.0,1.0,0.0,nears
0.8421052631578947,0.0,0.15789473684210525,urge
0.0,1.0,0.0,lengthens
0.0,0.0,1.0,sympathize
0.5,0.5,0.0,respects
0.0,1.0,0.0,languishes
0.0,1.0,0.0,blinks
0.0,0.0,1.0,spook
0.8,0.0,0.2,smell
0.9310344827586207,0.0,0.06896551724137931,take
0.0,1.0,0.0,confides
0.4444444444444444,0.0,0.5555555555555556,consume
0.25,0.75,0.0,spells
0.9375,0.0,0.0625,merit
0.8571428571428571,0.0,0.14285714285714285,incur
0.75,0.25,0.0,wastes
0.8,0.0,0.2,invade
0.0,0.0,1.0,ripen
0.45454545454545453,0.0,0.5454545454545454,owe
0.0,1.0,0.0,deems
0.8947368421052632,0.0,0.10526315789473684,count
0.0,1.0,0.0,touts
0.0,1.0,0.0,yells
0.5,0.0,0.5,wane
0.7948717948717948,0.20512820512820512,0.0,values
0.8571428571428571,0.14285714285714285,0.0,prints
0.8888888888888888,0.1111111111111111,0.0,marks
0.8985507246376812,0.0,0.10144927536231885,affect
0.0,1.0,0.0,produces
0.0,0.0,1.0,rejoice
0.0,1.0,0.0,moans
0.0,1.0,0.0,covets
0.8333333333333334,0.0,0.16666666666666666,slice
0.0,1.0,0.0,deduces
0.0,1.0,0.0,averts
0.0,1.0,0.0,reprints
0.9069767441860465,0.0,0.09302325581395349,determine
0.9444444444444444,0.05555555555555555,0.0,stages
0.0,1.0,0.0,preserves
0.0,1.0,0.0,resides
0.0,0.0,1.0,inherit
0.8235294117647058,0.0,0.17647058823529413,trail
0.0,1.0,0.0,discourages
0.5714285714285714,0.0,0.42857142857142855,admit
0.0,1.0,0.0,abounds
0.75,0.0,0.25,produce
0.6666666666666666,0.0,0.3333333333333333,excel
0.0,0.0,1.0,intrude
0.0,1.0,0.0,heats
0.5,0.0,0.5,glaze
0.4444444444444444,0.0,0.5555555555555556,outweigh
0.0,1.0,0.0,avoids
0.0,1.0,0.0,accelerates
0.8333333333333334,0.16666666666666666,0.0,slopes
0.9850746268656716,0.0,0.014925373134328358,contrast
0.5,0.5,0.0,rents
0.0,1.0,0.0,evades
0.0,1.0,0.0,tilts
0.9814814814814815,0.0,0.018518518518518517,pursue
0.5,0.0,0.5,blaze
0.0,1.0,0.0,performs
0.95,0.0,0.05,execute
0.8636363636363636,0.0,0.13636363636363635,receive
0.0,1.0,0.0,deprives
0.8,0.0,0.2,locate
0.0,1.0,0.0,lectures
0.058823529411764705,0.9411764705882353,0.0,lies
0.9285714285714286,0.07142857142857142,0.0,farms
0.0,1.0,0.0,suggests
0.68,0.0,0.32,confirm
0.8571428571428571,0.14285714285714285,0.0,finances
0.0,1.0,0.0,differs
0.875,0.0,0.125,devise
0.0,0.0,1.0,ascribe
0.9183673469387755,0.0,0.08163265306122448,track
0.0,1.0,0.0,throws
0.0,0.0,1.0,relent
0.7058823529411765,0.0,0.29411764705882354,reveal
0.0,1.0,0.0,squeezes
0.9365079365079365,0.0,0.06349206349206349,prevent
0.0,1.0,0.0,smacks
0.0,1.0,0.0,indulges
0.7894736842105263,0.0,0.21052631578947367,slip
0.5,0.0,0.5,torture
0.5882352941176471,0.0,0.4117647058823529,exclude
0.0,1.0,0.0,retires
0.8333333333333334,0.16666666666666666,0.0,twists
0.0,1.0,0.0,shrinks
0.0,1.0,0.0,melds
0.6521739130434783,0.34782608695652173,0.0,quotes
0.6027397260273972,0.0,0.3972602739726027,reflect
0.0,1.0,0.0,burbles
0.75,0.25,0.0,traces
0.0,1.0,0.0,waits
0.5,0.5,0.0,chuckles
0.0,1.0,0.0,asserts
0.7692307692307693,0.23076923076923078,0.0,watches
0.0,1.0,0.0,fizzes
0.3333333333333333,0.0,0.6666666666666666,envision
0.5,0.5,0.0,rubs
0.0,1.0,0.0,arouses
0.0,1.0,0.0,understaffs
0.9354838709677419,0.0,0.06451612903225806,bet
0.9583333333333334,0.0,0.041666666666666664,testify
0.9333333333333333,0.06666666666666667,0.0,rallies
0.8421052631578947,0.0,0.15789473684210525,promise
0.75,0.0,0.25,entitle
0.0,1.0,0.0,sharpens
0.0,1.0,0.0,concentrates
0.0,1.0,0.0,incorporates
0.9375,0.0625,0.0,changes
0.5,0.5,0.0,exploits
0.0,0.0,1.0,whoosh
0.967741935483871,0.03225806451612903,0.0,checks
0.0,1.0,0.0,outperforms
0.8409090909090909,0.0,0.1590909090909091,blame
0.14285714285714285,0.0,0.8571428571428571,relate
0.6666666666666666,0.0,0.3333333333333333,tempt
0.0,1.0,0.0,adopts
0.0,1.0,0.0,grinds
0.5,0.0,0.5,obey
0.9848484848484849,0.015151515151515152,0.0,effects
0.8787878787878788,0.0,0.12121212121212122,permit
0.8421052631578947,0.0,0.15789473684210525,wind
0.3333333333333333,0.6666666666666666,0.0,combines
0.9285714285714286,0.0,0.07142857142857142,switch
0.0,1.0,0.0,alerts
0.0,0.0,1.0,scrounge
0.5,0.5,0.0,pampers
0.0,1.0,0.0,organizes
0.5,0.5,0.0,halves
0.9743589743589743,0.0,0.02564102564102564,respond
0.0,1.0,0.0,protects
0.9056603773584906,0.0,0.09433962264150944,extend
0.0,1.0,0.0,disapproves
0.9142857142857143,0.0,0.08571428571428572,convert
0.5,0.0,0.5,reckon
0.0,1.0,0.0,stagewhispers
0.3333333333333333,0.6666666666666666,0.0,kicks
0.0,0.0,1.0,scamper
0.9637462235649547,0.0,0.03625377643504532,decline
0.0,1.0,0.0,detracts
0.0,1.0,0.0,chooses
0.0,1.0,0.0,accrues
0.0,1.0,0.0,implores
0.0,1.0,0.0,modifies
0.7333333333333333,0.0,0.26666666666666666,dominate
0.0,1.0,0.0,ticks
0.0,1.0,0.0,gears
0.0,1.0,0.0,cools
0.0,1.0,0.0,invades
0.0,1.0,0.0,plods
0.95,0.05,0.0,tests
0.0,1.0,0.0,lingers
0.0,1.0,0.0,calculates
0.5555555555555556,0.0,0.4444444444444444,differ
0.06666666666666667,0.9333333333333333,0.0,covers
0.9333333333333333,0.0,0.06666666666666667,curtail
0.5,0.5,0.0,plunges
0.0,1.0,0.0,assists
0.5714285714285714,0.0,0.42857142857142855,scramble
0.6666666666666666,0.0,0.3333333333333333,hawk
0.9285714285714286,0.07142857142857142,0.0,spots
0.0,1.0,0.0,characterizes
0.8,0.0,0.2,examine
0.6666666666666666,0.0,0.3333333333333333,inhibit
0.6666666666666666,0.3333333333333333,0.0,dogs
0.25,0.75,0.0,converts
0.9444444444444444,0.05555555555555555,0.0,bids
0.0625,0.9375,0.0,recalls
0.3333333333333333,0.6666666666666666,0.0,monitors
0.9629629629629629,0.0,0.037037037037037035,conflict
0.8,0.0,0.2,fold
0.8333333333333334,0.0,0.16666666666666666,wait
0.0,1.0,0.0,impresses
0.9823529411764705,0.0,0.01764705882352941,cost
0.0,1.0,0.0,convinces
0.5,0.0,0.5,connect
0.9811320754716981,0.0,0.018867924528301886,ensure
0.8,0.0,0.2,battle
0.0,0.0,1.0,purport
0.8,0.0,0.2,portray
0.0,1.0,0.0,resembles
0.6,0.4,0.0,graduates
0.0,1.0,0.0,erupts
0.0,1.0,0.0,cautions
0.0,1.0,0.0,entitles
0.37142857142857144,0.6285714285714286,0.0,promises
0.8181818181818182,0.0,0.18181818181818182,pile
0.8,0.2,0.0,surveys
0.0,1.0,0.0,evokes
0.9710144927536232,0.0,0.028985507246376812,protect
0.9166666666666666,0.0,0.08333333333333333,pose
0.09090909090909091,0.9090909090909091,0.0,draws
0.0,1.0,0.0,sparks
0.5,0.5,0.0,swells
0.9411764705882353,0.0,0.058823529411764705,export
0.5,0.0,0.5,deteriorate
0.0,1.0,0.0,irks
0.0,1.0,0.0,weighs
0.5,0.0,0.5,enroll
0.0,1.0,0.0,absorbs
0.75,0.0,0.25,scorn
0.9444444444444444,0.05555555555555555,0.0,phones
0.0,1.0,0.0,knocks
0.0,1.0,0.0,proves
0.925,0.0,0.075,generate
0.2857142857142857,0.7142857142857143,0.0,wishes
0.8,0.0,0.2,cart
0.16071428571428573,0.0,0.8392857142857143,tend
0.9723756906077348,0.0,0.027624309392265192,set
0.0,1.0,0.0,imposes
0.9473684210526315,0.0,0.05263157894736842,submit
0.75,0.25,0.0,experiences
0.0,1.0,0.0,teaches
0.0,1.0,0.0,buoys
0.9565217391304348,0.0,0.043478260869565216,desire
0.0,1.0,0.0,empowers
0.8928571428571429,0.0,0.10714285714285714,copy
0.0,1.0,0.0,buttresses
0.9,0.0,0.1,cease
0.0,1.0,0.0,prepares
0.0,1.0,0.0,speaks
0.8461538461538461,0.15384615384615385,0.0,reports
0.0,1.0,0.0,learns
0.7405660377358491,0.25943396226415094,0.0,'s
0.6666666666666666,0.3333333333333333,0.0,decreases
0.3333333333333333,0.6666666666666666,0.0,bites
0.9285714285714286,0.0,0.07142857142857142,attract
0.0,1.0,0.0,matures
0.8048780487804879,0.0,0.1951219512195122,lose
0.0,1.0,0.0,crams
0.0,0.0,1.0,absolve
0.1111111111111111,0.8888888888888888,0.0,pulls
0.9752066115702479,0.0,0.024793388429752067,boost
0.5,0.0,0.5,litter
0.0,0.0,1.0,jostle
0.75,0.25,0.0,files
0.6666666666666666,0.0,0.3333333333333333,swear
0.0,1.0,0.0,jogs
0.6666666666666666,0.0,0.3333333333333333,outbid
0.5625,0.0,0.4375,exist
0.0,1.0,0.0,prods
0.3333333333333333,0.6666666666666666,0.0,shapes
0.0,1.0,0.0,materializes
0.0,1.0,0.0,mentions
0.0,1.0,0.0,softens
0.9915254237288136,0.00847457627118644,0.0,questions
0.9090909090909091,0.0,0.09090909090909091,beat
0.0,0.0,1.0,swerve
0.896551724137931,0.0,0.10344827586206896,question
0.7333333333333333,0.0,0.26666666666666666,lend
0.9934640522875817,0.0,0.006535947712418301,helped
0.3333333333333333,0.0,0.6666666666666666,allege
0.8833333333333333,0.0,0.11666666666666667,go
0.0,1.0,0.0,disturbs
0.92,0.0,0.08,roll
0.0,1.0,0.0,lacks
0.0,0.0,1.0,croak
0.0,1.0,0.0,buzzes
0.75,0.0,0.25,log
0.7,0.0,0.3,engage
0.9333333333333333,0.0,0.06666666666666667,destroy
0.9,0.1,0.0,clouds
0.0,1.0,0.0,invokes
0.44274809160305345,0.0,0.5572519083969466,seem
0.6666666666666666,0.0,0.3333333333333333,insulate
0.875,0.0,0.125,regain
0.0,1.0,0.0,administers
0.0,0.0,1.0,rile
0.9411764705882353,0.0,0.058823529411764705,work
0.6666666666666666,0.0,0.3333333333333333,tangle
0.9264705882352942,0.0,0.07352941176470588,cover
0.0,0.0,1.0,profess
0.9090909090909091,0.0,0.09090909090909091,perform
0.0,1.0,0.0,confronts
0.0,1.0,0.0,assigns
0.0,1.0,0.0,applies
0.0,1.0,0.0,refuses
0.0,1.0,0.0,peddles
0.8235294117647058,0.17647058823529413,0.0,visits
0.0,1.0,0.0,hews
0.5416666666666666,0.0,0.4583333333333333,refuse
0.4,0.0,0.6,acknowledge
0.8888888888888888,0.0,0.1111111111111111,decide
0.0,1.0,0.0,proscribes
0.5,0.0,0.5,note
0.0,1.0,0.0,justifies
0.0,1.0,0.0,melts
0.0,1.0,0.0,thinks
0.9444444444444444,0.0,0.05555555555555555,label
0.75,0.0,0.25,overwhelm
0.0,1.0,0.0,exists
0.6666666666666666,0.3333333333333333,0.0,fragments
0.8461538461538461,0.0,0.15384615384615385,tune
0.0,1.0,0.0,outstrips
0.0,1.0,0.0,unveils
0.8421052631578947,0.15789473684210525,0.0,transfers
0.0,1.0,0.0,selects
0.0,1.0,0.0,laments
0.0,1.0,0.0,explores
0.9884393063583815,0.0,0.011560693641618497,process
0.95,0.0,0.05,accommodate
0.0,1.0,0.0,spurns
0.6666666666666666,0.3333333333333333,0.0,worries
0.8,0.0,0.2,nullify
0.2,0.8,0.0,sells
0.3333333333333333,0.0,0.6666666666666666,await
0.4642857142857143,0.0,0.5357142857142857,indicate
0.9411764705882353,0.0,0.058823529411764705,strain
0.7272727272727273,0.0,0.2727272727272727,undermine
0.0,1.0,0.0,automates
0.9583333333333334,0.041666666666666664,0.0,discounts
0.7962962962962963,0.2037037037037037,0.0,drives
0.0,1.0,0.0,forgets
0.9333333333333333,0.06666666666666667,0.0,bases
0.0,1.0,0.0,describes
0.2857142857142857,0.0,0.7142857142857143,foresee
0.8961038961038961,0.0,0.1038961038961039,grow
0.9534883720930233,0.0,0.046511627906976744,run
0.9523809523809523,0.0,0.047619047619047616,seize
0.6666666666666666,0.3333333333333333,0.0,bucks
0.8333333333333334,0.0,0.16666666666666666,twist
0.0,0.0,1.0,wither
0.9836065573770492,0.01639344262295082,0.0,signs
0.875,0.0,0.125,mount
0.9772727272727273,0.0,0.022727272727272728,tape
0.0,1.0,0.0,induces
0.5,0.0,0.5,pine
0.0,1.0,0.0,unlocks
0.0,1.0,0.0,supervises
0.0,1.0,0.0,mounts
0.75,0.0,0.25,manage
0.0,0.0,1.0,simulate
0.0,1.0,0.0,prevents
0.0,1.0,0.0,crows
0.8333333333333334,0.0,0.16666666666666666,captain
0.75,0.0,0.25,speculate
0.6,0.0,0.4,assign
0.9,0.0,0.1,manipulate
0.0,1.0,0.0,exemplifies
0.0,1.0,0.0,ebbs
0.0,1.0,0.0,drains
0.0,1.0,0.0,chides
0.0,1.0,0.0,vanishes
0.0,1.0,0.0,quadruples
0.5,0.0,0.5,lengthen
0.9444444444444444,0.0,0.05555555555555555,finish
0.0,1.0,0.0,envisions
0.99,0.0,0.01,close
0.0,1.0,0.0,complicates
0.45454545454545453,0.0,0.5454545454545454,predict
0.21428571428571427,0.7857142857142857,0.0,fits
0.0,0.0,1.0,swim
0.0,1.0,0.0,swears
0.0,0.0,1.0,mingle
0.9090909090909091,0.0,0.09090909090909091,lure
0.0,1.0,0.0,listens
0.0,1.0,0.0,sniffs
0.5,0.5,0.0,lures
0.9821428571428571,0.017857142857142856,0.0,swings
0.0,1.0,0.0,opens
0.0,1.0,0.0,prescribes
0.875,0.0,0.125,drift
0.75,0.25,0.0,sketches
0.0,1.0,0.0,irritates
0.0,1.0,0.0,plows
0.6666666666666666,0.0,0.3333333333333333,flash
0.75,0.25,0.0,battles
0.7083333333333334,0.2916666666666667,0.0,signals
0.0,1.0,0.0,stifles
0.2619047619047619,0.7380952380952381,0.0,stands
0.0,1.0,0.0,spends
0.9523809523809523,0.0,0.047619047619047616,surface
0.9941860465116279,0.0,0.005813953488372093,increase
0.0,1.0,0.0,diminishes
0.0,1.0,0.0,crawls
0.8333333333333334,0.0,0.16666666666666666,swell
0.0,1.0,0.0,revolves
0.0,1.0,0.0,instructs
0.0,1.0,0.0,designates
0.0,1.0,0.0,reorganizes
0.6956521739130435,0.0,0.30434782608695654,contribute
0.0,1.0,0.0,circumvents
0.5,0.0,0.5,delight
0.4166666666666667,0.0,0.5833333333333334,consist
0.9047619047619048,0.09523809523809523,0.0,displays
0.0,1.0,0.0,leans
0.0,1.0,0.0,saves
0.0,0.0,1.0,accumulate
0.0,1.0,0.0,fires
0.0,1.0,0.0,errs
0.6666666666666666,0.0,0.3333333333333333,cross
0.0,0.0,1.0,understate
0.7142857142857143,0.0,0.2857142857142857,dislike
0.0,1.0,0.0,says
0.0,1.0,0.0,holds
0.9444444444444444,0.0,0.05555555555555555,distribute
0.9620253164556962,0.0,0.0379746835443038,hit
0.09090909090909091,0.9090909090909091,0.0,raises
0.0,1.0,0.0,delights
0.0,1.0,0.0,warns
0.974025974025974,0.0,0.025974025974025976,expand
0.0,1.0,0.0,enforces
0.0,1.0,0.0,tempts
0.0,1.0,0.0,recounts
0.6666666666666666,0.3333333333333333,0.0,dresses
0.7464788732394366,0.0,0.2535211267605634,operate
0.0,1.0,0.0,cites
0.0,1.0,0.0,retains
0.3333333333333333,0.0,0.6666666666666666,comprise
0.16666666666666666,0.8333333333333334,0.0,treats
0.0,1.0,0.0,revisits
0.68,0.32,0.0,plans
0.8787878787878788,0.0,0.12121212121212122,allow
0.0,1.0,0.0,vows
0.8235294117647058,0.0,0.17647058823529413,function
0.0,1.0,0.0,pops
0.0,1.0,0.0,intersperses
0.0,1.0,0.0,cultivates
0.5945945945945946,0.40540540540540543,0.0,acts
0.9850746268656716,0.0,0.014925373134328358,ban
0.8333333333333334,0.16666666666666666,0.0,bars
0.3333333333333333,0.6666666666666666,0.0,repeats
0.9166666666666666,0.0,0.08333333333333333,enforce
0.0,1.0,0.0,abandons
0.875,0.0,0.125,stir
0.0,1.0,0.0,emerges
0.9912280701754386,0.0,0.008771929824561403,chain
0.8125,0.0,0.1875,continue
0.8571428571428571,0.14285714285714285,0.0,haunts
0.9387755102040817,0.0,0.061224489795918366,keep
0.92,0.0,0.08,enable
0.9117647058823529,0.0,0.08823529411764706,recover
0.16666666666666666,0.8333333333333334,0.0,shows
0.0,0.0,1.0,correlate
0.8837209302325582,0.11627906976744186,0.0,charges
0.9090909090909091,0.0,0.09090909090909091,burst
0.9444444444444444,0.0,0.05555555555555555,fill
0.7272727272727273,0.2727272727272727,0.0,jokes
0.0,1.0,0.0,fancies
0.0,1.0,0.0,hunts
0.0,0.0,1.0,sneak
0.0,1.0,0.0,takes
0.9166666666666666,0.0,0.08333333333333333,gather
0.0,1.0,0.0,constrains
0.9230769230769231,0.0,0.07692307692307693,fetch
0.0,1.0,0.0,fetches
0.0,0.0,1.0,pervade
0.5,0.0,0.5,entrust
0.875,0.0,0.125,dump
0.9,0.0,0.1,ask
0.875,0.125,0.0,pockets
0.9047619047619048,0.0,0.09523809523809523,explain
0.9,0.0,0.1,buy
0.8181818181818182,0.0,0.18181818181818182,watch
0.0,0.0,1.0,bristle
0.0,1.0,0.0,begins
0.8571428571428571,0.14285714285714285,0.0,trains
0.0,0.0,1.0,scowl
0.6666666666666666,0.0,0.3333333333333333,boast
0.8636363636363636,0.13636363636363635,0.0,forecasts
0.9166666666666666,0.08333333333333333,0.0,reasons
0.5263157894736842,0.47368421052631576,0.0,flows
0.0,1.0,0.0,wraps
0.5,0.0,0.5,fantasize
0.9541284403669725,0.045871559633027525,0.0,deals
0.5,0.0,0.5,gloss
0.95,0.0,0.05,absorb
0.9945054945054945,0.0,0.005494505494505495,clear
0.975,0.0,0.025,appeal
0.75,0.0,0.25,dare
0.0,1.0,0.0,overlooks
0.9615384615384616,0.038461538461538464,0.0,fans
0.9285714285714286,0.0,0.07142857142857142,pitch
0.8,0.0,0.2,solidify
0.0,1.0,0.0,compares
0.75,0.0,0.25,garner
0.8695652173913043,0.0,0.13043478260869565,quit
0.8166666666666667,0.18333333333333332,0.0,guarantees
0.5882352941176471,0.0,0.4117647058823529,mature
0.0,1.0,0.0,conforms
0.0,1.0,0.0,pleases
0.8571428571428571,0.14285714285714285,0.0,halts
0.0,1.0,0.0,steers
0.7777777777777778,0.0,0.2222222222222222,depress
0.6666666666666666,0.3333333333333333,0.0,addresses
0.0,1.0,0.0,tends
0.0,0.0,1.0,hurl
0.6666666666666666,0.0,0.3333333333333333,wander
0.0,1.0,0.0,is
0.0,1.0,0.0,loom
0.5,0.0,0.5,vanish
0.8333333333333334,0.16666666666666666,0.0,speeds
0.6666666666666666,0.0,0.3333333333333333,sidestep
0.0,1.0,0.0,consoles
0.8,0.0,0.2,resurrect
0.0,1.0,0.0,eliminates
0.0,0.0,1.0,surround
0.9125,0.0,0.0875,build
0.0,1.0,0.0,pours
0.5,0.0,0.5,dispense
0.0,1.0,0.0,rescues
0.8571428571428571,0.14285714285714285,0.0,awards
0.3333333333333333,0.6666666666666666,0.0,bounces
0.75,0.25,0.0,spies
0.8,0.0,0.2,amass
0.0,0.0,1.0,proliferate
0.8333333333333334,0.0,0.16666666666666666,materialize
0.0,1.0,0.0,unrolls
0.6,0.4,0.0,backs
0.9974424552429667,0.0025575447570332483,0.0,loans
0.96875,0.03125,0.0,contracts
0.3900414937759336,0.0,0.6099585062240664,have
0.8461538461538461,0.15384615384615385,0.0,charts
0.0,1.0,0.0,pokes
0.7777777777777778,0.0,0.2222222222222222,devote
0.0,1.0,0.0,bodes
0.8771929824561403,0.0,0.12280701754385964,play
0.6666666666666666,0.0,0.3333333333333333,peer
0.9705882352941176,0.0,0.029411764705882353,swap
0.6875,0.0,0.3125,conclude
0.42857142857142855,0.5714285714285714,0.0,influences
0.9595959595959596,0.0,0.04040404040404041,sense
0.88,0.12,0.0,screens
0.95,0.05,0.0,remarks
0.5454545454545454,0.0,0.45454545454545453,anticipate
0.9714285714285714,0.0,0.02857142857142857,afford
0.0,0.0,1.0,predict\/advocate
0.0,1.0,0.0,admires
0.0,0.0,1.0,roam
0.625,0.0,0.375,assert
0.6666666666666666,0.3333333333333333,0.0,tops
0.9,0.0,0.1,regret
0.0,1.0,0.0,waddles
0.9487179487179487,0.0,0.05128205128205128,date
0.0,1.0,0.0,flaunts
0.8571428571428571,0.0,0.14285714285714285,zip
0.0,1.0,0.0,outsells
0.42857142857142855,0.5714285714285714,0.0,hopes
0.9926470588235294,0.0,0.007352941176470588,vote
0.0,1.0,0.0,enters
0.0,1.0,0.0,reminds
0.0,1.0,0.0,arises
0.9166666666666666,0.0,0.08333333333333333,empty
0.0,1.0,0.0,brags
0.7,0.0,0.3,pour
0.9537037037037037,0.046296296296296294,0.0,returns
0.25,0.75,0.0,tumbles
0.0,1.0,0.0,stabilizes
0.9230769230769231,0.0,0.07692307692307693,succeed
0.5,0.5,0.0,praises
0.0,1.0,0.0,pursues
0.0,1.0,0.0,joins
0.6666666666666666,0.0,0.3333333333333333,hoard
0.6666666666666666,0.3333333333333333,0.0,sweeps
0.0,1.0,0.0,bangs
0.5,0.0,0.5,sprout
0.0,1.0,0.0,slows
0.0,0.0,1.0,zig-zag
0.8571428571428571,0.14285714285714285,0.0,ducks
0.9411764705882353,0.0,0.058823529411764705,promote
0.8421052631578947,0.15789473684210525,0.0,industrials
0.3333333333333333,0.6666666666666666,0.0,spills
0.0,1.0,0.0,illustrates
0.75,0.0,0.25,look
0.0,0.0,1.0,espouse
0.45454545454545453,0.5454545454545454,0.0,suspects
0.8571428571428571,0.0,0.14285714285714285,control
0.5,0.5,0.0,shuts
0.0,1.0,0.0,dominates
0.9782608695652174,0.0,0.021739130434782608,base
0.0,0.0,1.0,sputter
0.7647058823529411,0.0,0.23529411764705882,monitor
0.0,1.0,0.0,greets
0.920863309352518,0.0,0.07913669064748201,charge
0.0,0.0,1.0,revel
0.0,0.0,1.0,'re
0.95,0.0,0.05,shed
0.8,0.0,0.2,balk
0.9512195121951219,0.0,0.04878048780487805,attempt
0.0,1.0,0.0,defends
0.75,0.0,0.25,resold
0.0,1.0,0.0,despairs
0.8360655737704918,0.0,0.16393442622950818,range
0.0,1.0,0.0,compiles
0.6052631578947368,0.0,0.39473684210526316,stand
0.8,0.0,0.2,endorse
0.0,1.0,0.0,afflicts
0.9166666666666666,0.0,0.08333333333333333,spare
0.9304347826086956,0.0,0.06956521739130435,raise
0.0,1.0,0.0,intones
0.0,1.0,0.0,imagines
0.29508196721311475,0.0,0.7049180327868853,suggest
0.7777777777777778,0.2222222222222222,0.0,trails
0.8571428571428571,0.0,0.14285714285714285,lie
0.0,1.0,0.0,hates
0.0,0.0,1.0,'m
0.0,1.0,0.0,executes
0.0,1.0,0.0,strives
0.8823529411764706,0.0,0.11764705882352941,link
0.0,1.0,0.0,serves
0.5714285714285714,0.42857142857142855,0.0,switches
0.7142857142857143,0.0,0.2857142857142857,cater
0.0,1.0,0.0,injects
0.0,1.0,0.0,entails
0.0,1.0,0.0,smokes
0.17647058823529413,0.8235294117647058,0.0,favors
0.0,1.0,0.0,casts
0.696969696969697,0.30303030303030304,0.0,lives
0.0,1.0,0.0,portends
0.9,0.0,0.1,compete
0.6717948717948717,0.0,0.3282051282051282,remain
0.6,0.0,0.4,need
0.5,0.0,0.5,scoff
0.9,0.0,0.1,diminish
0.0,1.0,0.0,giveth
0.0,1.0,0.0,shaves
0.6666666666666666,0.0,0.3333333333333333,supervise
0.0,1.0,0.0,belongs
0.0,1.0,0.0,focuses
0.0,1.0,0.0,creates
0.8461538461538461,0.0,0.15384615384615385,appreciate
0.5,0.0,0.5,endure
0.9950738916256158,0.0,0.0049261083743842365,share
0.0,1.0,0.0,meanders
0.9714285714285714,0.0,0.02857142857142857,correct
0.0,1.0,0.0,cherishes
0.8888888888888888,0.0,0.1111111111111111,plug
0.5,0.5,0.0,taps
0.75,0.0,0.25,divert
0.6666666666666666,0.3333333333333333,0.0,motions
0.8333333333333334,0.0,0.16666666666666666,reinvest
0.8,0.0,0.2,ring
0.0,1.0,0.0,invites
0.6666666666666666,0.3333333333333333,0.0,harangues
0.0,1.0,0.0,distributes
0.5,0.0,0.5,allocate
0.6666666666666666,0.3333333333333333,0.0,thumbs
0.75,0.25,0.0,rings
0.9911504424778761,0.008849557522123894,0.0,positions
0.9318181818181818,0.0,0.06818181818181818,stop
0.0,1.0,0.0,embraces
0.6666666666666666,0.0,0.3333333333333333,advertise
0.0,1.0,0.0,earns
0.0,1.0,0.0,rushes
0.5,0.5,0.0,tapers
0.8571428571428571,0.0,0.14285714285714285,scratch
0.5,0.0,0.5,carve
0.8,0.0,0.2,enter
0.0,1.0,0.0,purrs
0.75,0.0,0.25,expose
0.4,0.6,0.0,wonders
0.5,0.5,0.0,retorts
0.0,1.0,0.0,contradicts
0.2,0.8,0.0,beats
0.0,0.0,1.0,falter
0.0,1.0,0.0,observes
0.75,0.25,0.0,crowds
0.5,0.0,0.5,prescribe
0.0,1.0,0.0,ogles
0.0,1.0,0.0,hurries
0.9333333333333333,0.0,0.06666666666666667,interfere
0.8723404255319149,0.0,0.1276595744680851,provide
0.27906976744186046,0.0,0.7209302325581395,insist
0.32432432432432434,0.6486486486486487,0.02702702702702703,starts
0.0,1.0,0.0,interjects
0.0,1.0,0.0,exacerbates
0.8125,0.0,0.1875,spend
0.967741935483871,0.0,0.03225806451612903,strike
0.3181818181818182,0.0,0.6818181818181818,believe
0.6,0.4,0.0,gripes
0.5217391304347826,0.0,0.4782608695652174,intend
0.75,0.25,0.0,parallels
0.0,1.0,0.0,doth
0.0,1.0,0.0,reflects
0.9354838709677419,0.0,0.06451612903225806,concentrate
0.0,1.0,0.0,happens
0.9285714285714286,0.0,0.07142857142857142,become
0.9473684210526315,0.0,0.05263157894736842,abandon
0.0,1.0,0.0,determines
0.9245283018867925,0.0,0.07547169811320754,offset
0.5,0.5,0.0,dislikes
0.0,1.0,0.0,manages
0.0,1.0,0.0,implies
0.9166666666666666,0.0,0.08333333333333333,cooperate
0.0,0.0,1.0,supercede
0.0,1.0,0.0,accomplishes
0.0,1.0,0.0,seeks
0.0,1.0,0.0,formulates
0.0,1.0,0.0,bristles
0.0,1.0,0.0,interprets
0.5,0.0,0.5,grill
0.0,1.0,0.0,glares
0.0,1.0,0.0,reimburses
0.9714285714285714,0.0,0.02857142857142857,search
0.0,0.0,1.0,crackle
0.8045977011494253,0.19540229885057472,0.0,moves
0.6363636363636364,0.36363636363636365,0.0,ranks
0.5,0.5,0.0,shrugs
0.0,1.0,0.0,equals
0.06666666666666667,0.9333333333333333,0.0,loses
0.0,0.0,1.0,imitate
0.0,1.0,0.0,backfires
0.85,0.0,0.15,seek
0.0,1.0,0.0,anticipates
0.22388059701492538,0.0,0.7761194029850746,argue
0.0,1.0,0.0,inherits
0.0,1.0,0.0,establishes
0.7142857142857143,0.0,0.2857142857142857,hesitate
0.0,1.0,0.0,lags
0.0,1.0,0.0,helps
0.0,1.0,0.0,publishes
0.0,1.0,0.0,reinforces
0.0,1.0,0.0,treads
0.9939024390243902,0.0,0.006097560975609756,reason
0.6904761904761905,0.30952380952380953,0.0,features
0.0,1.0,0.0,demonstrates
0.8333333333333334,0.0,0.16666666666666666,sway
0.0,0.0,1.0,squelch
0.0,1.0,0.0,conjures
0.95,0.0,0.05,file
0.8461538461538461,0.15384615384615385,0.0,strikes
0.0,1.0,0.0,relates
0.4838709677419355,0.0,0.5161290322580645,complain
0.0,1.0,0.0,clears
0.0,1.0,0.0,agrees
0.0,1.0,0.0,simulates
0.7647058823529411,0.0,0.23529411764705882,face
0.98,0.0,0.02,resume
0.9444444444444444,0.0,0.05555555555555555,harvest
0.9724770642201835,0.0,0.027522935779816515,plunge
0.8571428571428571,0.0,0.14285714285714285,divest
0.0,1.0,0.0,expresses
0.0,1.0,0.0,continues
0.0,1.0,0.0,repeals
0.75,0.0,0.25,bow
0.7777777777777778,0.2222222222222222,0.0,bans
0.9696969696969697,0.0,0.030303030303030304,round
0.8484848484848485,0.0,0.15151515151515152,fall
0.75,0.25,0.0,franchises
0.6923076923076923,0.0,0.3076923076923077,caution
0.875,0.0,0.125,leap
0.25,0.75,0.0,travels
0.6470588235294118,0.0,0.35294117647058826,fear
0.0,1.0,0.0,posts
0.5,0.5,0.0,muses
0.0,1.0,0.0,rumbles
0.6666666666666666,0.0,0.3333333333333333,shout
0.0,1.0,0.0,allows
0.5,0.0,0.5,undergo
0.875,0.125,0.0,voices
0.9615384615384616,0.0,0.038461538461538464,assist
0.9951456310679612,0.0,0.0048543689320388345,gain
0.0,0.0,1.0,gush
0.0,0.0,1.0,gaze
0.7272727272727273,0.0,0.2727272727272727,demonstrate
0.8571428571428571,0.0,0.14285714285714285,outpaced
0.0,1.0,0.0,formalizes
0.0,1.0,0.0,advises
0.75,0.0,0.25,snap
0.8333333333333334,0.0,0.16666666666666666,initiate
0.825,0.0,0.175,mean
0.978021978021978,0.02197802197802198,0.0,houses
0.0,1.0,0.0,opposes
0.6470588235294118,0.35294117647058826,0.0,releases
0.6,0.4,0.0,jumps
0.0,1.0,0.0,fails
0.75,0.25,0.0,rolls
0.0,1.0,0.0,ridicules
0.0,1.0,0.0,enables
0.625,0.0,0.375,contain
0.0,1.0,0.0,renews
0.0,1.0,0.0,promotes
0.9661016949152542,0.0,0.03389830508474576,obtain
0.11666666666666667,0.8833333333333333,0.0,looks
0.0,1.0,0.0,reckons
0.0,1.0,0.0,announces
0.98,0.0,0.02,answer
0.008733624454148471,0.0,0.9912663755458515,'ve
0.9565217391304348,0.0,0.043478260869565216,secure
0.5,0.5,0.0,mimics
0.9375,0.0,0.0625,merge
0.6666666666666666,0.0,0.3333333333333333,burn
0.0,1.0,0.0,infringes
0.6153846153846154,0.0,0.38461538461538464,weigh
0.0,1.0,0.0,specifies
0.9473684210526315,0.0,0.05263157894736842,explore
0.0,1.0,0.0,reopens
0.6666666666666666,0.0,0.3333333333333333,repel
0.0,1.0,0.0,survives
0.9615384615384616,0.0,0.038461538461538464,avoid
0.5882352941176471,0.4117647058823529,0.0,chairs
0.5,0.5,0.0,collapses
0.0,1.0,0.0,rests
0.6666666666666666,0.0,0.3333333333333333,bumble
0.0,1.0,0.0,furthers
0.9166666666666666,0.0,0.08333333333333333,unload
0.75,0.0,0.25,confer
0.125,0.875,0.0,flies
0.8333333333333334,0.0,0.16666666666666666,retrieve
0.9487179487179487,0.0,0.05128205128205128,settle
0.0,1.0,0.0,amasses
0.5,0.0,0.5,churn
0.7924528301886793,0.0,0.20754716981132076,maintain
0.0,1.0,0.0,recycles
0.9629629629629629,0.0,0.037037037037037035,achieve
0.0,1.0,0.0,discloses
0.25,0.75,0.0,scans
0.9,0.0,0.1,notify
0.9285714285714286,0.0,0.07142857142857142,identify
0.75,0.0,0.25,rub
0.9393939393939394,0.0,0.06060606060606061,ride
0.875,0.0,0.125,eliminate
0.0,1.0,0.0,steals
0.9913793103448276,0.0,0.008620689655172414,single
0.0,1.0,0.0,notifies
0.125,0.875,0.0,looms
0.0,0.0,1.0,lurch
0.0,1.0,0.0,hampers
0.4,0.6,0.0,resumes
0.0,1.0,0.0,weaves
0.5,0.5,0.0,sacrifices
0.9285714285714286,0.0,0.07142857142857142,lift
0.7894736842105263,0.0,0.21052631578947367,smoke
0.0,0.0,1.0,aspire
0.883495145631068,0.11650485436893204,0.0,amounts
0.16666666666666666,0.8333333333333334,0.0,passes
0.6363636363636364,0.0,0.36363636363636365,represent
0.8333333333333334,0.0,0.16666666666666666,trim
0.5,0.5,0.0,ushers
0.0,1.0,0.0,advertises
0.0,0.0,1.0,abdicate
0.4444444444444444,0.5555555555555556,0.0,declines
0.0,1.0,0.0,accuses
0.0,1.0,0.0,kills
0.015384615384615385,0.9846153846153847,0.0,goes
0.6666666666666666,0.3333333333333333,0.0,balloons
0.8571428571428571,0.0,0.14285714285714285,cloud
0.0,1.0,0.0,succeeds
0.0,1.0,0.0,defines
0.0,1.0,0.0,poses
0.0,1.0,0.0,receives
0.75,0.0,0.25,calculate
0.7272727272727273,0.0,0.2727272727272727,violate
0.7142857142857143,0.0,0.2857142857142857,understand
0.0,1.0,0.0,suffers
0.5416666666666666,0.4583333333333333,0.0,controls
0.06666666666666667,0.9333333333333333,0.0,meets
0.8636363636363636,0.0,0.13636363636363635,stabilize
0.0,1.0,0.0,complements
0.0,1.0,0.0,blabs
0.0,0.0,1.0,embody
0.4,0.6,0.0,boosts
0.0,1.0,0.0,lambastes
0.7222222222222222,0.0,0.2777777777777778,require
0.0,1.0,0.0,remembers
0.0,1.0,0.0,underwrites
0.875,0.125,0.0,tours
0.14285714285714285,0.8571428571428571,0.0,contrasts
0.0,0.0,1.0,self-insure
0.782608695652174,0.0,0.21739130434782608,recognize
0.4782608695652174,0.5217391304347826,0.0,permits
0.0,1.0,0.0,sprinkles
0.75,0.25,0.0,peers
0.0,1.0,0.0,involves
0.0,0.0,1.0,paraphrase
0.0,1.0,0.0,turns
0.6666666666666666,0.0,0.3333333333333333,originated
0.9285714285714286,0.0,0.07142857142857142,command
0.0,0.0,1.0,strive
0.7105263157894737,0.0,0.2894736842105263,occur
0.3333333333333333,0.0,0.6666666666666666,fluctuate
0.0,1.0,0.0,obscures
0.5,0.0,0.5,preach
0.0,1.0,0.0,provides
0.0,1.0,0.0,researches
0.9333333333333333,0.0,0.06666666666666667,install
0.3888888888888889,0.0,0.6111111111111112,wonder
0.0,1.0,0.0,divides
0.3333333333333333,0.6666666666666666,0.0,encounters
0.9861111111111112,0.0,0.013888888888888888,result
0.8888888888888888,0.0,0.1111111111111111,translate
0.0,1.0,0.0,appears
0.3333333333333333,0.6666666666666666,0.0,stays
0.6666666666666666,0.3333333333333333,0.0,satisfies
0.9772727272727273,0.022727272727272728,0.0,taxes
0.0,1.0,0.0,recommends
0.9682539682539683,0.0,0.031746031746031744,halt
0.0,1.0,0.0,chimes
0.3584905660377358,0.0,0.6415094339622641,include
0.8,0.0,0.2,assemble
0.96,0.0,0.04,open
0.0,1.0,0.0,ceases
0.9375,0.0,0.0625,stuff
0.8846153846153846,0.0,0.11538461538461539,print
0.9411764705882353,0.058823529411764705,0.0,ties
0.9,0.0,0.1,tighten
0.7096774193548387,0.2903225806451613,0.0,lists
0.0,1.0,0.0,lasts
0.0,1.0,0.0,specializes
0.0,1.0,0.0,owns
0.3333333333333333,0.6666666666666666,0.0,defeats
0.9796954314720813,0.0,0.02030456852791878,drop
0.7083333333333334,0.0,0.2916666666666667,speak
0.0,1.0,0.0,reiterates
0.9166666666666666,0.0,0.08333333333333333,pull
0.0,1.0,0.0,plies
0.75,0.0,0.25,trickle
0.0,1.0,0.0,disagrees
0.0,1.0,0.0,begs
0.6666666666666666,0.0,0.3333333333333333,haunt
0.7857142857142857,0.21428571428571427,0.0,reviews
0.0,1.0,0.0,exclaims
0.6666666666666666,0.0,0.3333333333333333,call
0.07692307692307693,0.0,0.9230769230769231,contend
0.9444444444444444,0.0,0.05555555555555555,squeeze
0.0,1.0,0.0,flips
0.9090909090909091,0.09090909090909091,0.0,labels
0.0,1.0,0.0,decries
0.8181818181818182,0.0,0.18181818181818182,soar
0.9943502824858758,0.005649717514124294,0.0,interests
0.0,1.0,0.0,apologizes
0.0,1.0,0.0,lends
0.9166666666666666,0.0,0.08333333333333333,cap
0.875,0.0,0.125,weaken
0.25,0.75,0.0,sticks
0.0,1.0,0.0,reverses
0.6666666666666666,0.0,0.3333333333333333,motivate
0.8888888888888888,0.1111111111111111,0.0,proteins
0.6,0.4,0.0,flashes
0.0,1.0,0.0,outranks
0.0,0.0,1.0,shun
0.9482758620689655,0.0,0.05172413793103448,visit
0.6,0.0,0.4,chew
0.0,1.0,0.0,dies
0.0,1.0,0.0,abates
0.0,1.0,0.0,occurs
0.8181818181818182,0.0,0.18181818181818182,sing
0.8333333333333334,0.0,0.16666666666666666,envy
0.0,1.0,0.0,adjusts
0.8494623655913979,0.0,0.15053763440860216,get
0.0,1.0,0.0,dovetails
0.0,1.0,0.0,scowls
0.0,1.0,0.0,hustles
0.0,1.0,0.0,elevates
0.5,0.0,0.5,isolate
0.7941176470588235,0.0,0.20588235294117646,fly
0.4074074074074074,0.5925925925925926,0.0,tracks
0.10344827586206896,0.896551724137931,0.0,buys
0.0,1.0,0.0,approximates
0.0,1.0,0.0,compensates
0.75,0.25,0.0,pitches
0.0,1.0,0.0,represents
0.9,0.0,0.1,project
0.0,1.0,0.0,explodes
0.5238095238095238,0.0,0.47619047619047616,suspect
0.0,1.0,0.0,broadens
0.9642857142857143,0.0,0.03571428571428571,experience
0.5,0.5,0.0,works
0.5,0.0,0.5,spurn
0.0,0.0,1.0,spoil
0.0,0.0,1.0,rumble
0.875,0.0,0.125,reimburse
0.5,0.5,0.0,packs
0.0,0.0,1.0,deem
0.9532710280373832,0.04672897196261682,0.0,benefits
0.1875,0.8125,0.0,supports
0.0,1.0,0.0,knows
0.0,0.0,1.0,chug
0.0,1.0,0.0,widens
0.9166666666666666,0.08333333333333333,0.0,filters
0.0,0.0,1.0,disembark
0.5,0.5,0.0,highlights
0.0,0.0,1.0,epitomize
0.7333333333333333,0.0,0.26666666666666666,swing
0.0,0.0,1.0,cower
0.75,0.0,0.25,stumble
0.0,1.0,0.0,offends
0.8333333333333334,0.16666666666666666,0.0,subordinates
0.9794871794871794,0.0,0.020512820512820513,reduce
0.5,0.5,0.0,quacks
0.0,1.0,0.0,grouses
0.0,1.0,0.0,expires
0.5,0.5,0.0,loves
0.0,1.0,0.0,weds
0.5,0.5,0.0,bounds
0.0,1.0,0.0,retails
0.5,0.5,0.0,rebounds
0.5,0.5,0.0,picks
0.0,1.0,0.0,demurs
0.0,1.0,0.0,directs
0.9774011299435028,0.0,0.022598870056497175,change
0.42857142857142855,0.5714285714285714,0.0,launches
0.25,0.75,0.0,uses
0.0,1.0,0.0,operates
0.5,0.5,0.0,dumps
0.0,1.0,0.0,deserves
0.9107142857142857,0.0,0.08928571428571429,make
0.9428571428571428,0.0,0.05714285714285714,push
0.9450980392156862,0.0,0.054901960784313725,own
0.8,0.0,0.2,blip
0.5,0.0,0.5,applaud
0.25,0.75,0.0,exercises
0.8888888888888888,0.0,0.1111111111111111,restrict
0.8333333333333334,0.16666666666666666,0.0,hints
0.0,0.0,1.0,are
0.0,1.0,0.0,lowers
0.8666666666666667,0.0,0.13333333333333333,retain
0.9895833333333334,0.0,0.010416666666666666,phone
0.9473684210526315,0.0,0.05263157894736842,ship
0.0,1.0,0.0,crosses
0.0,1.0,0.0,includes
0.0,1.0,0.0,hurts
0.75,0.0,0.25,wiggle
0.9393939393939394,0.0,0.06060606060606061,influence
0.5,0.0,0.5,pollinate
0.9583333333333334,0.0,0.041666666666666664,adopt
0.0,1.0,0.0,smells
0.0,1.0,0.0,defies
0.8888888888888888,0.0,0.1111111111111111,start
0.8760330578512396,0.0,0.12396694214876033,bring
0.7083333333333334,0.0,0.2916666666666667,realize
0.8333333333333334,0.0,0.16666666666666666,hang
0.0,1.0,0.0,gauges
0.0,1.0,0.0,hinders
0.0,1.0,0.0,brings
0.0,0.0,1.0,synchronize
0.0,1.0,0.0,removes
0.0,1.0,0.0,threatens
0.5,0.0,0.5,opt
0.3333333333333333,0.6666666666666666,0.0,plays
0.0,0.0,1.0,whistle
0.0,0.0,1.0,censor
0.0,0.0,1.0,modulate
0.0,1.0,0.0,riles
0.5,0.0,0.5,carp
0.9444444444444444,0.0,0.05555555555555555,manufacture
0.0,1.0,0.0,grapples
0.75,0.0,0.25,depend
0.8636363636363636,0.13636363636363635,0.0,advocates
0.9411764705882353,0.058823529411764705,0.0,delays
0.75,0.0,0.25,rim
0.8333333333333334,0.0,0.16666666666666666,reclaim
0.0,1.0,0.0,owes
0.0,0.0,1.0,exude
0.75,0.0,0.25,inspect
0.6666666666666666,0.3333333333333333,0.0,queries
0.0,1.0,0.0,unfolds
0.0,1.0,0.0,misstates
0.75,0.0,0.25,act
0.9259259259259259,0.0,0.07407407407407407,send
0.5,0.0,0.5,commemorate
0.6666666666666666,0.0,0.3333333333333333,catapult
0.0,1.0,0.0,liquefies
0.9803921568627451,0.0,0.0196078431372549,moderate
0.9491525423728814,0.0,0.05084745762711865,prove
0.6666666666666666,0.0,0.3333333333333333,subscribe
0.6666666666666666,0.0,0.3333333333333333,lock
0.0,0.0,1.0,transcribe
0.0,0.0,1.0,cadge
0.8823529411764706,0.0,0.11764705882352941,feed
0.0,1.0,0.0,precludes
0.8333333333333334,0.0,0.16666666666666666,grasp
0.6666666666666666,0.3333333333333333,0.0,sponsors
0.4,0.6,0.0,attributes
0.40540540540540543,0.5945945945945946,0.0,calls
0.6666666666666666,0.0,0.3333333333333333,proclaim
0.9,0.0,0.1,deter
0.0,1.0,0.0,arranges
0.9333333333333333,0.0,0.06666666666666667,drag
0.0,1.0,0.0,hops
0.9411764705882353,0.058823529411764705,0.0,forces
0.8333333333333334,0.16666666666666666,0.0,supplies
0.9166666666666666,0.0,0.08333333333333333,reinforce
0.0,1.0,0.0,discovers
0.3485254691689008,0.0,0.6514745308310992,want
0.5555555555555556,0.0,0.4444444444444444,threaten
0.0,1.0,0.0,screams
0.0,1.0,0.0,delivers
0.5,0.5,0.0,airs
0.0,1.0,0.0,writes
0.0,1.0,0.0,touches
0.0,1.0,0.0,extends
0.0,1.0,0.0,underscores
0.0,1.0,0.0,stipulates
0.0,1.0,0.0,dismisses
0.0,1.0,0.0,engages
0.0,1.0,0.0,outlines
0.016666666666666666,0.9833333333333333,0.0,expects
0.8913043478260869,0.10869565217391304,0.0,figures
0.0,1.0,0.0,pores
0.0,0.0,1.0,inhabit
0.8888888888888888,0.0,0.1111111111111111,tackle
0.75,0.0,0.25,contemplate
0.5061728395061729,0.0,0.49382716049382713,hope
0.0,1.0,0.0,requires
0.875,0.0,0.125,shy
0.8333333333333334,0.0,0.16666666666666666,elect
0.0,1.0,0.0,encourages
0.0,1.0,0.0,classifies
0.65,0.0,0.35,enjoy
0.5,0.0,0.5,circulate
0.8,0.0,0.2,lag
0.0,1.0,0.0,subverts
0.0,1.0,0.0,compels
0.0,1.0,0.0,deteriorates
0.0,1.0,0.0,insures
0.0,0.0,1.0,relive
0.9428571428571428,0.05714285714285714,0.0,credits
0.0,1.0,0.0,prohibits
0.7142857142857143,0.2857142857142857,0.0,rewards
0.6666666666666666,0.3333333333333333,0.0,snakes
0.0,1.0,0.0,groans
0.0,1.0,0.0,negotiates
0.6666666666666666,0.0,0.3333333333333333,hamstrung
0.0,1.0,0.0,thrills
0.9375,0.0,0.0625,dive
0.5,0.0,0.5,arch
0.9761904761904762,0.0,0.023809523809523808,address
0.8,0.0,0.2,hole
0.75,0.0,0.25,plummet
0.0,1.0,0.0,unleashes
0.9733333333333334,0.0,0.02666666666666667,request
0.0,1.0,0.0,dubs
0.0,1.0,0.0,realizes
0.9545454545454546,0.045454545454545456,0.0,blocks
0.6666666666666666,0.3333333333333333,0.0,exits
0.0,1.0,0.0,becomes
0.0,1.0,0.0,solicits
0.0,1.0,0.0,retools
0.0,1.0,0.0,possesses
0.0,1.0,0.0,paves
0.057971014492753624,0.9420289855072463,0.0,faces
0.9230769230769231,0.0,0.07692307692307693,exploit
0.9411764705882353,0.058823529411764705,0.0,attacks
0.0,0.0,1.0,reapportion
0.5555555555555556,0.0,0.4444444444444444,mirror
0.3333333333333333,0.6666666666666666,0.0,scoops
0.0,1.0,0.0,rearranges
0.6666666666666666,0.3333333333333333,0.0,stalls
0.8181818181818182,0.0,0.18181818181818182,attend
0.9863013698630136,0.0136986301369863,0.0,gains
0.45454545454545453,0.0,0.5454545454545454,warn
0.875,0.0,0.125,sequester
0.0,1.0,0.0,propagandizes
0.8421052631578947,0.0,0.15789473684210525,feature
0.0,1.0,0.0,quips
0.8181818181818182,0.0,0.18181818181818182,advocate
0.6666666666666666,0.0,0.3333333333333333,distort
0.0,1.0,0.0,conveys
0.0,1.0,0.0,wants
0.3584905660377358,0.6415094339622641,0.0,heads
0.5,0.5,0.0,spares
0.0,1.0,0.0,manufactures
0.6666666666666666,0.3333333333333333,0.0,clocks
0.0,1.0,0.0,dupes
0.0,0.0,1.0,sprinkle
0.0,1.0,0.0,boasts
0.0,1.0,0.0,beams
0.0,1.0,0.0,dissipates
0.0,1.0,0.0,assumes
0.0,1.0,0.0,grows
0.9375,0.0,0.0625,postpone
0.0,1.0,0.0,dives
0.0,1.0,0.0,subsidizes
0.9711538461538461,0.028846153846153848,0.0,hands
0.5,0.5,0.0,stops
0.5555555555555556,0.4444444444444444,0.0,splits
0.8571428571428571,0.14285714285714285,0.0,fleets
0.0,1.0,0.0,omits
0.0,1.0,0.0,relies
0.0,1.0,0.0,ensures
0.975,0.0,0.025,dispute
0.8,0.0,0.2,backfire
0.9444444444444444,0.0,0.05555555555555555,lay
0.0,0.0,1.0,smolder
0.9444444444444444,0.0,0.05555555555555555,trigger
0.0,1.0,0.0,strengthens
0.9333333333333333,0.0,0.06666666666666667,pay
0.0,1.0,0.0,examines
0.5,0.0,0.5,mimic
0.0,1.0,0.0,reverts
0.0,1.0,0.0,shouts
0.0,1.0,0.0,expands
0.0,1.0,0.0,contains
0.8551724137931035,0.0,0.14482758620689656,come
0.625,0.375,0.0,breaks
0.8928571428571429,0.10714285714285714,0.0,protests
0.0,1.0,0.0,presides
0.0,1.0,0.0,reduces
0.0,1.0,0.0,corrects
0.8818181818181818,0.11818181818181818,0.0,cuts
0.5,0.0,0.5,dictate
0.0,1.0,0.0,cares
0.0,1.0,0.0,occupies
0.0,1.0,0.0,crumbles
0.8888888888888888,0.0,0.1111111111111111,mention
0.0,1.0,0.0,declares
0.8918918918918919,0.0,0.10810810810810811,defend
0.9583333333333334,0.0,0.041666666666666664,decrease
0.3181818181818182,0.0,0.6818181818181818,wish
0.8,0.0,0.2,pause
0.0,1.0,0.0,equates
0.0,1.0,0.0,builds
0.5,0.0,0.5,undulate
0.6666666666666666,0.0,0.3333333333333333,shine
0.25,0.75,0.0,replies
0.0,1.0,0.0,upholds
0.0,1.0,0.0,acknowledges
0.5,0.0,0.5,possess
0.9294117647058824,0.0,0.07058823529411765,forecast
0.6153846153846154,0.0,0.38461538461538464,belong
0.8333333333333334,0.0,0.16666666666666666,reach
0.8095238095238095,0.0,0.19047619047619047,qualify
0.0,1.0,0.0,achieves
0.3333333333333333,0.0,0.6666666666666666,bowl
0.0,0.0,1.0,slay
0.0,1.0,0.0,concocts
0.0,1.0,0.0,inspects
0.0,1.0,0.0,rejoins
0.0,1.0,0.0,sues
0.0,1.0,0.0,balks
0.0,1.0,0.0,seizes
0.0,1.0,0.0,convicts
