,Unnamed: 0,item,condition,sentence,target,alternative,lstmccgjoint 0 correct (max),lstmccgjoint 0 correct (sample),lstmccgjoint 0 target score,lstmccgjoint 0 alternative score,lstmccgjoint 1 correct (max),lstmccgjoint 1 correct (sample),lstmccgjoint 1 target score,lstmccgjoint 1 alternative score,lstmccgjoint 2 correct (max),lstmccgjoint 2 correct (sample),lstmccgjoint 2 target score,lstmccgjoint 2 alternative score,lstmccgjoint 3 correct (max),lstmccgjoint 3 correct (sample),lstmccgjoint 3 target score,lstmccgjoint 3 alternative score,lstmccgjoint 4 correct (max),lstmccgjoint 4 correct (sample),lstmccgjoint 4 target score,lstmccgjoint 4 alternative score,lstmccglm 0 correct (max),lstmccglm 0 correct (sample),lstmccglm 0 target score,lstmccglm 0 alternative score,lstmccglm 1 correct (max),lstmccglm 1 correct (sample),lstmccglm 1 target score,lstmccglm 1 alternative score,lstmccglm 2 correct (max),lstmccglm 2 correct (sample),lstmccglm 2 target score,lstmccglm 2 alternative score,lstmccglm 3 correct (max),lstmccglm 3 correct (sample),lstmccglm 3 target score,lstmccglm 3 alternative score,lstmccglm 4 correct (max),lstmccglm 4 correct (sample),lstmccglm 4 target score,lstmccglm 4 alternative score
0,0,HaskellMacDonald_0_SP,SP,Can you ask Brenda if the kid or the adults,are,is,100,93.21179772748177,-1.99701726436615,-4.616705417633057,100,90.8832123304188,-1.9994876384735107,-4.298945426940918,100,91.7046705293982,-2.508681297302246,-4.911561965942383,100,78.5064403058902,-2.2542202472686768,-3.549647569656372,100,95.85712528672435,-1.591574788093567,-4.733043670654297,100,88.45743480430359,-1.403336763381958,-3.43981671333313,0,44.161750529579116,-3.916538953781128,-3.681938886642456,100,85.92992117785701,-2.0404837131500244,-3.8499653339385986,100,82.39705870928695,-2.3814408779144287,-3.924924612045288,100,79.59668142454692,-1.9101070165634155,-3.2713818550109863
1,1,HaskellMacDonald_0_PS,PS,Can you ask Brenda if the kids or the adult,are,is,100,66.26210270178139,-2.859163522720337,-3.5341598987579346,100,57.29608018569024,-2.71204137802124,-3.0059828758239746,0,45.44262893354766,-3.363754272460937,-3.1809520721435547,100,84.0459715532779,-1.9530413150787356,-3.6146938800811768,100,82.83942255694733,-2.174643516540528,-3.748932838439941,0,49.69840415527293,-2.480884075164795,-2.468820095062256,100,87.11087940176633,-1.3571561574935913,-3.2679543495178223,100,57.18861531887575,-2.672344207763672,-2.961894989013672,100,60.70049826842509,-2.3333840370178223,-2.7681241035461426,100,91.29779105566806,-1.3867502212524414,-3.737299919128418
2,2,HaskellMacDonald_1_SP,SP,Do you know if the mouse or the monitors,were,was,0,43.86882041127853,-4.834654331207275,-4.5881667137146,100,77.07132914882484,-3.061877727508545,-4.274220943450928,0,37.837704473307326,-4.466032028198242,-3.9695894718170166,100,77.39788595486456,-2.5649619102478027,-3.795877933502197,100,51.382070296718354,-4.119070053100586,-4.1743669509887695,100,61.910680192252485,-3.2993123531341553,-3.7850711345672607,100,66.4113917060972,-2.687572479248047,-3.3692541122436523,100,88.83754371916878,-2.5730950832366943,-4.647348403930664,100,93.17841488595565,-2.456277847290039,-5.070702075958252,100,88.0587146637575,-2.3751816749572754,-4.373183727264404
3,3,HaskellMacDonald_1_PS,PS,Do you know if the mice or the monitor,were,was,0,41.89796516188183,-4.1122894287109375,-3.78532600402832,100,65.0121128927416,-3.3956427574157715,-4.015214443206787,0,43.245611236142736,-3.441283226013184,-3.1694459915161133,0,27.16238003323425,-3.59712290763855,-2.61072325706482,100,55.78309540438986,-3.5367767810821533,-3.769140481948853,100,70.32995788098668,-3.0040926933288574,-3.867152690887451,100,84.13506468653146,-2.3674535751342773,-4.035765647888184,100,51.674192887141515,-2.917095184326172,-2.9840879440307617,0,6.328347246822242,-5.542816162109375,-2.84805965423584,0,29.920836406535038,-3.9204776287078857,-3.0694072246551514
4,4,HaskellMacDonald_2_SP,SP,Do you think the soybean or the apples,are,is,100,93.9011924318672,-1.4517494440078735,-4.185899257659912,100,63.61215800932847,-2.117814064025879,-2.6763839721679688,100,87.9117278619445,-2.0113213062286377,-3.995418787002564,100,91.75534808832307,-1.6838380098342896,-4.0933990478515625,100,69.67840540841311,-2.203117847442627,-3.0351481437683105,100,99.69189599248497,-0.7199931144714355,-6.499395370483398,100,89.07744927060503,-1.6235921382904053,-3.72226881980896,100,92.28614115821809,-1.3308403491973877,-3.812715768814087,100,90.16349207895156,-1.5290874242782593,-3.7446112632751465,100,85.72996188438734,-1.714402675628662,-3.5074429512023926
5,5,HaskellMacDonald_2_PS,PS,Do you think the soybeans or the apple,are,is,0,40.3236575008161,-3.6567494869232178,-3.264752149581909,0,17.14445042259666,-4.186177730560303,-2.610753536224365,0,6.402138678338496,-5.796566486358643,-3.114191055297852,0,19.441459443926057,-4.295820236206055,-2.874243974685669,0,29.47127254300123,-4.6458587646484375,-3.773254632949829,100,83.49719369777466,-1.6307430267333984,-3.252025604248047,0,34.505828526007896,-3.1939849853515625,-2.553152084350586,100,63.943818006945364,-2.659287691116333,-3.2322142124176025,0,31.09744684440805,-3.5210094451904297,-2.7254419326782227,100,60.292973662668494,-3.3079304695129395,-3.7256178855895996
6,6,HaskellMacDonald_3_SP,SP,Have you heard whether the teacher or the principals,are,is,100,99.06183287997824,-1.2557423114776611,-5.915313720703125,100,95.28573393863776,-2.0291574001312256,-5.035444259643555,100,95.2288323107092,-1.9424808025360107,-4.9361724853515625,100,91.0178551663952,-1.737460970878601,-4.053277969360352,100,95.9968714848366,-2.010626792907715,-5.1878662109375,100,96.21604717129082,-1.6794705390930176,-4.915297508239746,100,98.4551012182839,-1.7033852338790894,-5.858027458190918,100,93.80744431723937,-1.804085373878479,-4.521981716156006,100,96.187017205247,-1.8193652629852295,-5.047247886657715,100,98.55864870288462,-1.5261948108673096,-5.751265525817871
7,7,HaskellMacDonald_3_PS,PS,Have you heard whether the teachers or the principal,are,is,0,42.36774259806458,-4.244511604309082,-3.936816453933716,100,70.20906124896406,-4.738029479980469,-5.595302581787109,0,37.6627379772451,-5.071788787841797,-4.567900657653809,100,55.56184330123044,-3.904232978820801,-4.127631187438965,100,81.80607073297044,-3.8720059394836426,-5.375269412994385,100,89.19489667390131,-2.403083086013794,-4.513888359069824,100,76.44139863895414,-3.419605255126953,-4.5966386795043945,100,64.6362124405999,-4.0380659103393555,-4.641152381896973,100,72.91939155911383,-2.9804153442382812,-3.970952033996582,100,71.72681586146119,-3.608185052871704,-4.539135932922363
8,8,HaskellMacDonald_4_SP,SP,How do I know if the shelf or the floors,are,is,100,82.83028309537697,-2.577941417694092,-4.151587963104248,100,83.70573975027898,-2.276173591613769,-3.912668228149414,100,72.62049463486365,-2.388563871383667,-3.36401629447937,100,76.34723974407531,-1.8752624988555908,-3.047074556350708,100,87.89866954936856,-1.8949164152145384,-3.877785682678223,100,62.30042567472661,-1.7195714712142944,-2.221890926361084,100,56.05982451954375,-2.6397509574890137,-2.8833413124084473,100,69.107178611066,-4.16560697555542,-4.9707417488098145,0,35.94326496184447,-2.812284469604492,-2.234457015991211,100,56.90782507653604,-2.784877061843872,-3.0629684925079346
9,9,HaskellMacDonald_4_PS,PS,How do I know if the shelves or the floor,are,is,0,12.376127170556153,-3.645520210266113,-1.688236117362976,0,31.668699317917483,-2.670295476913452,-1.9012563228607176,0,13.510944820974592,-3.709463357925415,-1.852945566177368,0,44.31878297717704,-2.421882152557373,-2.193647861480713,0,6.058320318617459,-3.89745569229126,-1.1562141180038452,0,21.48000919517616,-2.6093597412109375,-1.313129186630249,0,3.4145557817243906,-4.673755168914795,-1.3313745260238647,0,8.401345320055857,-3.666656494140625,-1.2776317596435547,0,29.068899499115435,-2.754847526550293,-1.8628073930740356,0,19.599412191987437,-3.092681884765625,-1.6811599731445312
10,10,HaskellMacDonald_5_SP,SP,I !can't tell whether the doctor or the professionals,are,is,100,97.18636287426588,-1.597456932067871,-5.139609336853027,100,86.61557314324789,-2.6416139602661133,-4.509001731872559,100,93.4735037437902,-2.1085445880889893,-4.770352363586426,100,92.20366645752632,-1.6900759935379028,-4.160422325134277,100,93.79901752211372,-1.9948875904083248,-4.711334228515625,100,96.20052934634624,-1.2802352905273438,-4.511808395385742,100,80.32235431437552,-2.531266212463379,-3.937830924987793,100,80.14281936274729,-2.4319100379943848,-3.8271546363830566,100,97.85187193202903,-1.8166128396987915,-5.635470867156982,100,98.8949593508747,-1.0855042934417725,-5.579680442810059
11,11,HaskellMacDonald_5_PS,PS,I !can't tell whether the doctors or the professional,are,is,100,58.59625802758476,-3.929009437561035,-4.276309013366699,100,75.37711358343519,-4.091453552246094,-5.210280895233154,100,54.73012789973851,-5.255100250244141,-5.444872856140137,100,87.41307587635207,-2.813375473022461,-4.751361846923828,100,92.7913012326867,-2.3900506496429443,-4.945115089416504,100,78.982021309707,-2.5645015239715576,-3.888343572616577,100,87.30316611376695,-2.5099666118621826,-4.438000679016113,100,53.875975082937885,-3.5584945678710938,-3.7138452529907227,100,89.9285889719321,-2.7663629055023193,-4.9556779861450195,100,73.91938168685365,-3.544794797897339,-4.586577415466309
12,12,HaskellMacDonald_6_SP,SP,Do the !directions say if the store or the restaurants,are,is,100,93.8905514843531,-1.231343150138855,-3.9636363983154297,100,84.61837711869855,-2.059279203414917,-3.7642571926116943,100,76.1330434370694,-1.7943575382232666,-2.9543449878692627,100,94.27920375793626,-1.337240219116211,-4.139392852783203,100,90.19544055383592,-1.6486622095108032,-3.867793560028076,100,83.08837531212463,-1.02861750125885,-2.620521068572998,100,83.77881293879668,-1.3724501132965088,-3.0143120288848877,100,69.93680736412128,-1.7911255359649658,-2.635416030883789,100,82.9871376710371,-1.436261534690857,-3.02097749710083,100,88.44931144519218,-1.1107685565948486,-3.1464531421661377
13,13,HaskellMacDonald_6_PS,PS,Do the !directions say if the stores or the restaurant,are,is,100,59.764457959622966,-2.254786729812622,-2.650447130203247,0,35.75970975487767,-3.250883817672729,-2.6650750637054443,0,33.70309087197883,-3.5136828422546387,-2.8371291160583496,100,83.04956010151588,-2.2016310691833496,-3.7907748222351074,100,55.77601489121673,-2.8878636360168457,-3.119940280914306,100,88.66799785260426,-1.1984943151474,-3.2557625770568848,100,71.78739044142672,-1.8046103715896606,-2.7385501861572266,100,50.26917197543167,-2.3176965713500977,-2.328463554382324,100,51.19587021991553,-2.1595873832702637,-2.2074313163757324,100,71.18887808777814,-1.576427698135376,-2.4810028076171875
14,14,HaskellMacDonald_7_SP,SP,We need to know if the potato or the grains,were,was,100,96.22460355584708,-2.988853454589844,-6.2270331382751465,0,37.47885181142375,-4.323122978210449,-3.811394929885864,0,45.21267381800679,-4.496109962463379,-4.304028511047363,100,98.282211970147,-2.0485317707061768,-6.095337390899658,100,81.9967962378697,-3.0698933601379395,-4.586023807525635,100,91.86727783002121,-3.2354228496551514,-5.659872055053711,100,96.6082379492298,-1.8596327304840088,-5.20894718170166,100,80.94429885791305,-4.163981914520264,-5.610376834869385,100,93.21271563538821,-2.8422744274139404,-5.4621076583862305,100,86.76023760781074,-2.9539074897766113,-4.833831310272217
15,15,HaskellMacDonald_7_PS,PS,We need to know if the potatoes or the grain,were,was,100,69.89519469062623,-3.2222259044647217,-4.06453800201416,0,35.1505168429538,-4.149228096008301,-3.536798477172852,0,20.51192366499048,-4.802935600280762,-3.4483349323272705,100,84.41829006053521,-2.571296215057373,-4.260982513427734,0,49.9472379880289,-3.57750940322876,-3.5753989219665527,100,64.46403023626453,-3.791107654571533,-4.386669635772705,100,83.24808093419246,-1.9981052875518799,-3.6014175415039062,100,79.20918037521835,-2.5957212448120117,-3.9333019256591797,100,51.291583675137595,-3.45599365234375,-3.5076684951782227,100,83.46809201148314,-3.380514621734619,-4.9996867179870605
16,16,HaskellMacDonald_8_SP,SP,I want to know if the sheet or the colors,are,is,100,90.63252158044035,-3.3001959323883057,-5.569765090942383,100,77.08696479110093,-2.764159202575684,-3.9773874282836914,100,54.781443915905456,-5.298271179199219,-5.490115165710449,100,87.03776125664469,-2.190569877624512,-4.094871520996094,100,56.73243188387087,-2.60845947265625,-2.8794021606445312,100,74.74690910539012,-2.3792178630828857,-3.4643771648406982,100,57.48996746691947,-2.8657498359680176,-3.1676201820373535,100,74.37044395214373,-3.3841562271118164,-4.449468612670898,0,24.40305135011976,-3.862009286880493,-2.7313015460968018,100,59.66532653109876,-3.441483974456787,-3.8330235481262207
17,17,HaskellMacDonald_8_PS,PS,I want to know if the sheets or the color,are,is,100,72.9241181872321,-1.8168017864227293,-2.807577848434448,0,44.16177404637695,-3.0867748260498047,-2.852175712585449,0,37.87339343380237,-3.1824517250061035,-2.687526226043701,100,59.684993939948974,-2.767140865325928,-3.159497737884521,0,47.6453567956311,-2.963152885437012,-2.8688974380493164,100,82.28348467383232,-1.7042555809020996,-3.239928722381592,0,33.19928662190235,-3.0481505393981934,-2.3489651679992676,0,38.37542859709075,-3.2931149005889893,-2.819471597671509,0,8.167611915772884,-4.330759525299072,-1.9109710454940796,100,61.87556874629425,-2.055626392364502,-2.5398964881896973
18,18,HaskellMacDonald_9_SP,SP,I need to know if the table or the chairs,are,is,100,93.90073978998602,-1.7418570518493652,-4.475927829742432,100,53.78782801766049,-2.6933999061584477,-2.8452038764953613,100,80.7310259924117,-2.40688705444336,-3.839513778686523,100,93.60944946060754,-1.1717703342437744,-3.856081247329712,100,62.53277333442651,-1.8860173225402832,-2.3982415199279785,100,72.44212377221659,-1.7812540531158447,-2.747753620147705,100,81.79604745394971,-2.563331127166748,-4.065921306610107,100,61.66098821533933,-2.2700085639953613,-2.745192050933838,0,49.67005731761015,-2.594627618789673,-2.5814297199249268,100,86.85232139756349,-1.2490966320037842,-3.1370606422424316
19,19,HaskellMacDonald_9_PS,PS,I need to know if the tables or the chair,are,is,0,38.82487533381558,-2.934945821762085,-2.4802663326263428,0,24.83411839970056,-3.0915026664733887,-1.9840236902236936,0,25.88492722313524,-3.469311475753784,-2.417353391647339,100,69.95397343304133,-2.08857798576355,-2.933685064315796,0,33.392049809583675,-2.514763355255127,-1.824257254600525,0,43.21593387326392,-2.3028790950775146,-2.029832601547241,100,61.552666339302874,-1.6191965341567993,-2.0898003578186035,0,39.689838354252764,-2.150608539581299,-1.7322031259536743,0,7.917561765214266,-3.42863130569458,-0.9750303626060486,100,52.773914666805496,-1.7150983810424805,-1.8261690139770508
20,20,HaskellMacDonald_10_SP,SP,Maria probably knows if the !photo or the paintings,are,is,100,86.33436009315866,-1.8150599002838133,-3.658402919769287,100,89.96067069012673,-1.880488634109497,-4.07335090637207,100,84.19013324999835,-1.9608525037765503,-3.633296012878418,100,91.26628040280433,-1.243175983428955,-3.589766025543213,100,93.6018711347262,-1.6924463510513306,-4.375491142272949,100,92.59621342549494,-1.1064027547836304,-3.632659435272217,100,84.16086331502318,-1.5486483573913574,-3.2188944816589355,100,84.70510101522835,-1.7957240343093872,-3.507380485534668,100,89.95389341045575,-1.65387761592865,-3.84598970413208,100,96.03432182465347,-1.0601288080215454,-4.247157573699951
21,21,HaskellMacDonald_10_PS,PS,Maria probably knows if the photos or the painting,are,is,0,16.589086712109708,-3.3842077255249023,-1.7691736221313477,0,36.55152874310927,-2.718651294708252,-2.1671462059021,0,13.571437745479752,-4.192928791046143,-2.3415780067443848,0,37.44814690835011,-2.576869249343872,-2.063830614089966,0,12.456223127512128,-3.5826539993286133,-1.6327353715896606,0,20.17287240194058,-3.1639719009399414,-1.7884472608566284,0,43.45714298668557,-2.5481791496276855,-2.2849555015563965,0,10.780421227631301,-3.650949001312256,-1.537580132484436,0,4.866806052154797,-4.507528305053711,-1.5346882343292236,0,36.5776750327763,-2.3356211185455322,-1.785243272781372
22,22,HaskellMacDonald_11_SP,SP,It did n't matter to me if the magazine or the books,were,was,100,86.94940825562128,-2.650854587554932,-4.547347545623779,100,53.85810585207659,-3.2264533042907715,-3.38108491897583,100,78.67624938430315,-2.699092149734497,-4.004611968994141,100,88.78307579027101,-1.9027559757232664,-3.9715282917022714,100,56.92164612690254,-2.908903121948242,-3.187558174133301,100,70.59560992261503,-2.70699405670166,-3.582818031311035,0,40.704012099448505,-4.155355453491211,-3.7791404724121094,100,79.25274467339891,-2.365579128265381,-3.7058072090148926,100,75.31628940583998,-2.6452274322509766,-3.7607803344726562,100,96.00061528712433,-1.733963966369629,-4.912178039550781
23,23,HaskellMacDonald_11_PS,PS,It did n't matter to me if the magazines or the book,were,was,0,23.08839010816761,-4.292581558227539,-3.08925461769104,0,14.40402916983185,-4.879080772399902,-3.09695053100586,0,29.43620825201338,-4.147553443908691,-3.273261785507202,100,91.1805756474138,-2.231592893600464,-4.567478179931641,100,64.42377841013732,-3.495558261871338,-4.0893635749816895,100,68.59272667185536,-4.065915107727051,-4.847062110900879,100,53.53105181778305,-3.781733751296997,-3.9232113361358643,100,73.47075184294944,-3.024250030517578,-4.042889595031738,0,36.91869746674195,-4.185186386108398,-3.649480104446411,100,71.82415378958136,-3.0674123764038086,-4.003168106079102
24,24,HaskellMacDonald_12_SP,SP,It is hard to tell whether the steelmaker or the engineers,are,is,100,97.27299654311,-1.5521129369735718,-5.126430988311768,100,93.26886131596666,-1.831132173538208,-4.459874153137207,100,96.46664960540876,-2.079711675643921,-5.386662483215332,100,95.21681922500336,-1.8056753873825075,-4.796726226806641,100,94.21221881974624,-1.581062078475952,-4.37086296081543,100,94.72295244051968,-1.4899591207504272,-4.377548694610596,100,87.30586153286308,-1.8343150615692139,-3.762592315673828,100,81.24507635598732,-2.8578968048095703,-4.323910713195801,100,96.1676980868066,-1.5788037776947021,-4.801431655883789,100,85.74288400035789,-2.1399450302124023,-3.934041976928711
25,25,HaskellMacDonald_12_PS,PS,It is hard to tell whether the steelmakers or the engineer,are,is,100,56.62251428302271,-2.5549449920654297,-2.8214111328125,0,44.65868677071542,-2.914823532104492,-2.700352668762207,0,25.10303921521805,-3.827549695968628,-2.7344253063201904,100,82.83077135405688,-2.0198657512664795,-3.5935466289520264,0,34.10854973015673,-2.7095913887023926,-2.051130771636963,100,70.54827391901236,-2.065974473953247,-2.939519166946411,0,47.612481446238206,-2.461974620819092,-2.366401195526123,100,54.161578496772236,-2.751126289367676,-2.917975425720215,100,60.62813017506309,-2.3271872997283936,-2.758894681930542,100,53.35277694876878,-2.132434606552124,-2.266747236251831
26,26,HaskellMacDonald_13_SP,SP,Ask Ronnie if the metal or the diamonds,are,is,100,97.78452243444072,-0.9254244565963744,-4.7127227783203125,100,83.53421969679037,-1.3509801626205444,-2.974952220916748,100,80.25245615920856,-1.7972023487091064,-3.199350595474243,100,98.01503074587444,-1.1787840127944946,-5.078301429748535,100,94.85814419413502,-1.7711725234985352,-4.686141014099121,100,94.41399527101552,-0.8265173435211182,-3.653942346572876,100,91.7230003674607,-1.2508834600448608,-3.6561760902404785,100,98.11086633389505,-0.9124932289123535,-4.862473011016846,100,87.71464739949305,-1.2989805936813354,-3.2646617889404297,100,95.34035001161078,-0.7560939192771912,-3.774606704711914
27,27,HaskellMacDonald_13_PS,PS,Ask Ronnie if the metals or the diamond,are,is,0,48.43791315334413,-2.505912065505981,-2.443408250808716,0,26.872247336299925,-3.2796790599823,-2.2785651683807373,0,21.29072823894225,-3.1856417655944824,-1.8781524896621704,100,54.48624131598703,-2.574733257293701,-2.754666805267334,0,38.559515046407824,-3.385037660598755,-2.9191715717315674,100,94.755283158685,-1.550180435180664,-4.444256782531738,100,73.62134011354308,-2.1891021728515625,-3.215481758117676,100,84.5815746794202,-1.8884780406951904,-3.5906312465667725,100,92.20026545413468,-1.5483800172805786,-4.018253326416016,0,45.64244390008141,-2.403909921646118,-2.2291643619537354
28,28,HaskellMacDonald_14_SP,SP,I wonder if the plant or the flies,are,is,100,69.44714583476377,-5.169380187988281,-5.990488052368164,0,35.18946114877284,-5.390982151031494,-4.7802605628967285,100,58.41188597939316,-4.764832496643066,-5.104537487030029,0,41.59072033608414,-3.9872779846191406,-3.647680282592773,100,82.75383698657201,-2.869054317474365,-4.437335014343262,0,45.63496719455445,-2.6266398429870605,-2.4515929222106934,100,50.03769397021504,-3.624995708465576,-3.6265034675598145,0,45.1251880368469,-3.0987038612365723,-2.903090000152588,100,57.756028470775064,-5.245610237121582,-5.558376312255859,100,78.03162740081197,-2.9231977462768555,-4.190708160400391
29,29,HaskellMacDonald_14_PS,PS,I wonder if the plants or the fly,are,is,100,63.24894534039891,-3.612060546875,-4.154972076416016,0,26.88701759111043,-4.088167190551758,-3.0878047943115234,0,41.964353866654726,-4.775887489318848,-4.451650619506836,0,39.373440594327306,-4.889698028564453,-4.458056449890137,100,81.2466311840446,-3.4818029403686523,-4.947918891906738,100,77.930281311339,-3.098294734954834,-4.359902858734131,100,53.36618678586665,-2.962970495223999,-3.0978219509124756,100,66.31687275380997,-2.859400510787964,-3.5368478298187256,0,42.11142245325667,-2.9002559185028076,-2.582054853439331,100,75.12579871837922,-3.1497721672058105,-4.255105018615723
30,30,HaskellMacDonald_15_SP,SP,It does n't really matter whether the contractor or the banks,are,is,100,96.58153180843136,-1.621060490608215,-4.962255477905273,100,93.77856616858672,-2.043752193450928,-4.756688117980957,100,94.06930563495528,-2.3169877529144287,-5.080878257751465,100,91.43232986816852,-2.11832857131958,-4.485931873321533,100,94.9775464534489,-1.684446930885315,-4.624168872833252,100,96.57132532254242,-1.312558650970459,-4.6506667137146,100,89.9718728778277,-1.7653124332427979,-3.9594156742095947,100,80.45935581390606,-2.327127456665039,-3.7423830032348633,100,94.12462253258735,-1.9190236330032349,-4.692873001098633,100,97.80730092564893,-1.2921403646469116,-5.090006351470947
31,31,HaskellMacDonald_15_PS,PS,It does n't really matter whether the contractors or the bank,are,is,0,47.23335854581648,-3.315129041671753,-3.204350233078003,100,50.18031518967639,-2.8682217597961426,-2.875434398651123,0,27.57103866736771,-3.874844074249268,-2.909003734588623,100,59.12854170595877,-2.7968292236328125,-3.1661109924316406,0,49.60988359558942,-2.9063000679016118,-2.890695095062256,0,44.91309509798511,-2.828110694885254,-2.6239280700683594,0,48.190430734469736,-2.872209072113037,-2.7997946739196777,0,39.425561595889704,-3.077524185180664,-2.6480655670166016,0,21.688473610761662,-4.26090145111084,-2.976987600326538,0,28.84005513988887,-3.4867937564849854,-2.5836288928985596
32,32,HaskellMacDonald_16_SP,SP,Can you tell me whether the swing or the courts,are,is,100,96.91939947160505,-1.11117422580719,-4.559929370880127,100,95.41225969410708,-1.7138172388076782,-4.748636722564697,100,92.15115934984831,-2.1388251781463623,-4.601889610290527,100,93.0984517469947,-1.5039470195770264,-4.10585880279541,100,83.93495832364411,-2.0940136909484863,-3.747410297393799,100,78.92733504145976,-1.6271028518676758,-2.9476537704467773,100,88.02969518072679,-2.4951884746551514,-4.490433692932129,100,91.55864415775838,-1.5301549434661865,-3.913991689682007,100,87.15089053458668,-2.1161386966705322,-4.030505180358887,100,94.22727835736787,-1.3958113193511963,-4.188377380371094
33,33,HaskellMacDonald_16_PS,PS,Can you tell me whether the swings or the court,are,is,0,36.399564510219065,-2.975414752960205,-2.417351245880127,0,14.924175059429812,-4.105659484863281,-2.3650989532470703,0,11.459669094454332,-4.591402530670166,-2.5467782020568848,0,37.72585470047523,-3.52949595451355,-3.0282952785491943,0,6.597059341704108,-4.226956367492676,-1.57665753364563,0,25.964247911993027,-2.695641040802002,-1.6478134393692017,0,15.281200348886582,-3.906259298324585,-2.19354510307312,0,0.8626217024850393,-6.134465217590332,-1.3901796340942383,0,4.3985081982048575,-4.999676704406738,-1.9207537174224854,0,17.315381029494727,-3.9134459495544434,-2.3500075340270996
34,34,HaskellMacDonald_17_SP,SP,Do you think the window or the walls,are,is,100,92.67471408080348,-1.6631008386611938,-4.200864315032959,100,75.59548617317401,-1.974941849708557,-3.1055703163146973,100,88.49159775019807,-2.664344787597656,-4.704174995422363,100,76.18850350256406,-1.5494661331176758,-2.712508201599121,100,77.47846374457164,-1.8051955699920652,-3.0407235622406006,100,84.43814387988117,-1.1837258338928223,-2.874922275543213,0,48.79474150395268,-2.182583808898926,-2.134364128112793,100,53.65571732043152,-2.3332269191741943,-2.4797170162200928,0,48.014826608456666,-2.3773012161254883,-2.2978525161743164,100,60.086829566804525,-1.9570527076721191,-2.3661370277404785
35,35,HaskellMacDonald_17_PS,PS,Do you think the windows or the wall,are,is,0,24.476596045247497,-8.425046920776367,-7.298321723937988,0,22.147135919692072,-5.44431209564209,-4.187199592590332,0,15.54776974608779,-6.370547294616699,-4.67827844619751,100,53.56801022910895,-3.008452177047729,-3.1514155864715576,100,58.92857304866504,-4.449934959411621,-4.810948371887207,0,34.872570426715264,-4.089234352111816,-3.4645891189575195,0,7.9313730409155205,-4.14310884475708,-1.6914007663726807,0,41.74688333462522,-5.855551242828369,-5.522378444671631,0,28.000034144595848,-5.006170749664307,-4.061710834503174,0,23.619366504178814,-4.301061630249023,-3.127399444580078
36,36,HaskellMacDonald_18_SP,SP,Do you remember if the door or the carpets,were,was,100,94.1971393570655,-3.140188694000244,-5.92722749710083,100,67.9919472607995,-3.255204677581787,-4.008606433868408,100,70.42463531275548,-3.6143856048583984,-4.481986999511719,100,52.894808400538274,-2.8975343704223637,-3.013456344604492,100,79.27531630959287,-2.9196882247924805,-4.261289596557617,100,83.43471854276497,-2.6627073287963867,-4.279462814331055,100,82.58314114484936,-3.486433982849121,-5.0428009033203125,100,90.37408914737324,-1.9348869323730469,-4.174386024475098,100,84.11639415697604,-2.664670467376709,-4.331584453582764,100,78.9495010059555,-2.7619619369506836,-4.083846092224121
37,37,HaskellMacDonald_18_PS,PS,Do you remember if the doors or the carpet,were,was,100,50.01971721546965,-4.256269454956055,-4.257058143615723,0,46.586491070288446,-5.537534713745117,-5.400781631469727,0,25.76130717417941,-4.813408851623535,-3.7549970149993896,100,88.7905646678656,-2.5556271076202397,-4.625151634216309,0,49.611027935305856,-4.918150901794434,-4.902591705322266,100,54.79299570947885,-4.609593391418457,-4.80190372467041,0,43.856603565781356,-4.104787826538086,-3.8578040599823,0,21.89993426703968,-6.030887603759766,-4.759380340576172,100,72.77721950633558,-3.523740768432617,-4.507089614868164,0,43.00814280304895,-4.14796781539917,-3.8664488792419434
38,38,HaskellMacDonald_19_SP,SP,Did Naomi say whether the book shelf or the desks,are,is,100,98.72101642516893,-1.3079636096954346,-5.654195785522461,100,74.24804370589695,-2.86763596534729,-3.926536798477173,100,94.16510286248597,-1.924267530441284,-4.705460548400879,100,90.94900924183284,-1.621185064315796,-3.928609848022461,100,97.17073408758552,-2.092212677001953,-5.628664970397949,100,87.87117865569947,-3.6022770404815674,-5.582564353942871,100,82.43615632640962,-3.021653652191162,-4.567835330963135,100,97.9853918444696,-4.177349090576172,-8.061742782592773,100,97.92620798188413,-1.3810173273086548,-5.2358527183532715,100,88.77739509754728,-4.500430107116699,-6.568632125854492
39,39,HaskellMacDonald_19_PS,PS,Did Naomi say whether the book shelves or the desk,are,is,100,54.9962830165948,-2.4923791885375977,-2.692899703979492,0,9.336025748407526,-4.477112770080566,-2.2038333415985107,100,50.42699729431624,-3.31477165222168,-3.331851959228516,100,71.53247691279722,-2.157395362854004,-3.0787830352783203,0,30.14706830414492,-3.386382818222046,-2.5460784435272217,0,29.34902973082606,-3.337226629257202,-2.4587342739105225,0,6.646692143035565,-5.187932968139648,-2.545660972595215,0,17.932918433215615,-3.3605470657348633,-1.8396481275558472,0,48.679515883964676,-2.710142135620117,-2.6573104858398438,0,36.1242616728709,-2.9097487926483154,-2.3397738933563232
40,40,HaskellMacDonald_20_SP,SP,Can you ask the guide if the pencil or the guns,are,is,100,98.26228078948704,-0.8089697957038879,-4.84403657913208,100,85.77339818923612,-1.501176118850708,-3.297771453857422,100,77.01453437467383,-1.914913296699524,-3.1240453720092773,100,87.81590270801046,-1.4930949211120603,-3.4682059288024902,0,47.93518261897987,-2.456451654434204,-2.373811960220337,100,82.9169793040531,-1.3237998485565186,-2.903554677963257,100,73.01795929813977,-1.9085662364959717,-2.904100179672241,100,79.82546702568608,-1.6119494438171387,-2.9873709678649902,100,89.22499174837047,-1.5046676397323608,-3.6185994148254395,100,90.97336805528778,-1.609500527381897,-3.9198880195617676
41,41,HaskellMacDonald_20_PS,PS,Can you ask the guide if the pencils or the gun,are,is,0,16.888400683177185,-3.522036552429199,-1.9284793138504028,0,19.316060772569184,-3.530911922454834,-2.101309299468994,0,33.75361179304432,-3.615300178527832,-2.941006660461426,0,49.0100723836767,-2.080289602279663,-2.040687322616577,0,11.507675069585362,-3.67244291305542,-1.632541298866272,0,34.20165352532244,-3.136143445968628,-2.4818227291107178,0,41.935625963169244,-2.4024486541748047,-2.0770320892333984,0,6.232084351236814,-3.9660239219665527,-1.25491201877594,0,18.1418483590665,-3.2186245918273926,-1.7118580341339111,0,30.05514769423854,-2.893503427505493,-2.048830270767212
42,42,HaskellMacDonald_21_SP,SP,Did Samantha say whether the light or the plants,were,was,100,84.2471317361107,-2.8251233100891118,-4.501855373382568,100,86.46169523611046,-3.036338806152344,-4.890517234802246,100,79.72459364005414,-2.6795756816864014,-4.048745155334473,100,77.14865902689681,-3.0694947242736816,-4.286219120025635,100,91.60392992976313,-2.650604248046875,-5.040314674377441,100,87.75645267548077,-2.6996097564697266,-4.66917610168457,100,76.54492608914416,-3.521857976913452,-4.704648971557617,100,93.65693836420675,-2.19655179977417,-4.888828754425049,100,81.34314087812395,-2.7960920333862305,-4.2685546875,100,91.13992382332418,-2.5898842811584473,-4.920724868774414
43,43,HaskellMacDonald_21_PS,PS,Did Samantha say whether the lights or the plant,were,was,0,10.420558120836414,-4.517452716827393,-2.36610746383667,0,24.121807425793182,-4.423643112182617,-3.277630090713501,0,19.7527926074844,-4.316804885864258,-2.914987802505493,0,40.1355050562375,-3.1389801502227783,-2.7391579151153564,0,22.19658784734304,-4.306696891784668,-3.052450180053711,0,22.34343103494236,-4.544320106506348,-3.298556327819824,0,18.670923756831158,-4.435376167297363,-2.9638400077819824,0,9.804134612006512,-4.35230827331543,-2.1331288814544678,0,10.019515133588357,-5.038702011108398,-2.8436439037323,0,17.907586528335827,-4.683722019195557,-3.1611008644104004
44,44,HaskellMacDonald_22_SP,SP,Can you tell me if the TV or the phone calls,were,was,0,11.54403316879298,-5.702152252197266,-3.665816068649292,0,28.94161182334297,-4.075927734375,-3.177706241607666,0,33.015074998881175,-5.763839721679688,-5.056336402893066,0,30.30199333830209,-6.1371893882751465,-5.3042311668396,0,21.663648687807864,-6.11776876449585,-4.832392692565918,0,45.71757670518216,-4.424406051635742,-4.252688407897949,0,49.7965704698782,-5.510738372802734,-5.502601146697998,0,26.280026395863292,-5.513649940490723,-4.482185363769531,100,83.39991142124381,-3.678013324737549,-5.292252540588379,100,61.75272752475208,-3.261939525604248,-3.7410054206848145
45,45,HaskellMacDonald_22_PS,PS,Can you tell me if the TVs or the phone call,were,was,0,4.480145706649056,-5.781794548034668,-2.722115993499756,0,9.720082751306563,-5.025112152099609,-2.796391248703003,0,3.4413470627178206,-5.838179111480713,-2.503891468048096,0,3.05292226805712,-6.834501266479492,-3.3764352798461914,0,10.581001849000945,-5.906713962554932,-3.772440910339356,100,51.85076041536863,-4.18800163269043,-4.262065887451172,0,29.33564398056064,-5.032731533050537,-4.15359354019165,0,39.29697652189237,-5.1417412757873535,-4.706895351409912,0,25.849097152838578,-4.128557205200195,-3.074730634689331,0,44.607569587797975,-3.8978536128997803,-3.68131422996521
46,46,HaskellMacDonald_23_SP,SP,Can you tell me whether the box or the cans,are,is,100,58.50745300893939,-3.276364326477051,-3.620004653930664,100,62.49048909150618,-3.6997790336608887,-4.210198879241943,100,84.56207581645548,-3.060728073120117,-4.761386871337891,100,78.20591807004882,-1.7307336330413818,-3.008440494537353,100,84.61904429052689,-2.516761064529419,-4.221790313720703,100,54.721219810711965,-4.6190690994262695,-4.8084821701049805,0,36.50418919874801,-4.0058794021606445,-3.4523324966430664,100,54.60836590829745,-2.1294565200805664,-2.3143157958984375,100,51.74937339727933,-3.5444202423095703,-3.6144237518310547,0,28.097363552149744,-4.7612996101379395,-3.821662425994873
47,47,HaskellMacDonald_23_PS,PS,Can you tell me whether the boxes or the can,are,is,100,58.43046474894577,-6.493906497955322,-6.834376335144043,100,52.9491722656452,-6.42970085144043,-6.547804832458496,100,85.09982051712377,-6.068442344665527,-7.810894012451172,100,69.2871254346606,-6.496981620788574,-7.310558795928955,100,79.91704671584868,-6.691415786743164,-8.07253360748291,100,88.52145326471835,-6.388045787811279,-8.430810928344727,100,72.68662228096218,-6.1507568359375,-7.129537582397461,100,78.93762737664967,-4.707050800323486,-6.0282206535339355,100,91.02317007333347,-5.742109298706055,-8.058576583862305,100,52.816909772508915,-7.435658931732178,-7.548454761505127
48,48,HaskellMacDonald_24_SP,SP,The book must say whether the trail or the river banks,are,is,100,85.48886447806613,-1.8694907426834104,-3.642960548400879,100,91.8840258968803,-1.8517818450927732,-4.278474807739258,100,95.05014548979815,-1.8686602115631104,-4.82370662689209,100,89.89208659245463,-2.065617084503174,-4.250908374786377,100,88.89719849755154,-1.7170255184173584,-3.7973086833953857,100,95.98617476394968,-1.2724437713623047,-4.446903228759766,100,76.7721827468733,-2.2341301441192627,-3.429621934890747,100,92.59516563726622,-1.5542508363723755,-4.080354690551758,100,82.7737607507303,-2.4299962520599365,-3.99967360496521,100,65.79295940847054,-2.2216391563415527,-2.875720500946045
49,49,HaskellMacDonald_24_PS,PS,The book must say whether the trails or the river bank,are,is,0,8.962406782875666,-4.414712905883789,-2.096479177474976,0,5.201327285692336,-4.625101566314697,-1.7222599983215332,0,11.015516868413616,-4.361657619476318,-2.272500514984131,0,18.4588589154129,-3.578993082046509,-2.0934298038482666,0,22.97790121434738,-3.454551696777344,-2.244992256164551,0,19.518178069518534,-3.4374701976776123,-2.020785093307495,0,28.18381761683143,-3.357980728149414,-2.422618865966797,0,12.790396970486198,-3.691605567932129,-1.7719857692718506,0,11.919764028237305,-4.267202377319336,-2.2671520709991455,0,13.150617838336265,-3.631669044494629,-1.7439624071121216
50,50,HaskellMacDonald_25_SP,SP,Would you say the fax machine or the printers,are,is,100,85.00767049177159,-1.9957470893859863,-3.730949878692627,100,78.77835756406337,-1.948475956916809,-3.260092735290528,100,89.49176003972418,-2.1394119262695312,-4.281398773193359,100,61.281666079369565,-2.24412202835083,-2.70328950881958,0,37.320587407733534,-2.827867031097412,-2.3093791007995605,0,31.121222047334413,-2.583798408508301,-1.7893402576446533,0,28.821741798912605,-2.867016315460205,-1.9629589319229126,0,23.68053067670228,-2.876248836517334,-1.7059739828109741,0,28.812486252619273,-3.2041587829589844,-2.299650192260742,100,54.535334169243136,-2.6612253189086914,-2.8431386947631836
51,51,HaskellMacDonald_25_PS,PS,Would you say the fax machines or the printer,are,is,100,57.48682101179023,-3.541398048400879,-3.8431396484375,0,49.72985053682681,-4.212165832519531,-4.201359748840332,0,19.356401151991136,-4.956629276275635,-3.5296130180358887,0,48.145763451625626,-2.690515279769897,-2.61631178855896,0,46.85291590846647,-2.6750078201293945,-2.5489578247070312,100,67.64681776486206,-2.2165513038635254,-2.954139232635498,100,87.62906102678936,-1.3672195672988892,-3.324982166290283,100,53.205379648092666,-2.029897689819336,-2.1582889556884766,100,83.6147427463526,-1.588415265083313,-3.2182531356811523,0,42.493322377872,-4.149679660797119,-3.84712553024292
52,52,HaskellMacDonald_26_SP,SP,Ask the doctor whether the passenger or the drivers,were,was,100,96.70014409946452,-2.76352596282959,-6.141262054443359,100,90.39351819424218,-3.4764323234558105,-5.718166828155518,100,98.7715013441682,-2.3891072273254395,-6.776123523712158,100,95.64145303350028,-2.3886160850524902,-5.477083683013916,100,96.0412961590738,-2.9937984943389893,-6.182660102844238,100,96.91257017475871,-2.932598114013672,-6.379068374633789,100,97.72969641659611,-2.685793399810791,-6.448085308074951,100,97.71096373021767,-2.6824913024902344,-6.436374187469482,100,97.79968448160638,-2.678750514984131,-6.473071098327637,100,98.33689018602946,-3.2731566429138184,-7.3528666496276855
53,53,HaskellMacDonald_26_PS,PS,Ask the doctor whether the passengers or the driver,were,was,100,87.29942342707466,-2.4743459224700928,-4.402042388916016,0,40.5373103275833,-4.118057727813721,-3.734931468963623,0,36.90498944595764,-3.619461297988892,-3.0831663608551025,100,67.83718978471322,-3.21577525138855,-3.9620749950408936,100,55.61043865829607,-3.5442209243774414,-3.769587516784668,0,25.727638893609722,-4.318648815155029,-3.2584757804870605,100,59.123494282036226,-2.883401870727539,-3.252474784851074,100,70.00187848895824,-2.75530743598938,-3.6026947498321533,0,47.42400044707883,-3.7281086444854736,-3.6249773502349854,100,76.10384936853745,-2.50286602973938,-3.661247491836548
54,54,HaskellMacDonald_27_SP,SP,Marcus will tell you whether the pipeline or the roads,are,is,100,99.75882005360572,-0.6372735500335693,-6.662240982055664,100,96.62085051014236,-1.070264220237732,-4.423434734344482,100,97.11825254160908,-1.5710214376449585,-5.0885539054870605,100,99.40282123749483,-0.6998316049575806,-5.814550876617432,100,97.28428807742776,-1.4159435033798218,-4.9945268630981445,100,99.49583644245811,-0.84804767370224,-6.1330180168151855,100,94.0786986757989,-1.1713497638702393,-3.936925172805786,100,97.73647653996262,-0.975168764591217,-4.74052095413208,100,96.29684995382296,-1.231091856956482,-4.489343643188477,100,98.23213155243077,-0.8849689960479736,-4.902527809143066
55,55,HaskellMacDonald_27_PS,PS,Marcus will tell you whether the pipelines or the road,are,is,0,35.500083786973256,-2.694254875183105,-2.097126007080078,0,25.58983954930707,-3.1715798377990723,-2.104182720184326,0,18.766551668671607,-3.766910076141357,-2.301659107208252,100,68.57258897008272,-2.2310800552368164,-3.0112924575805664,0,32.92994576466931,-3.258603096008301,-2.547247886657715,100,75.68563284304165,-2.0714657306671143,-3.206986665725708,100,58.33331682976234,-2.065424919128418,-2.4018964767456055,0,35.28212805560943,-3.0238633155822754,-2.4172024726867676,100,57.17311085413578,-2.0057506561279297,-2.294668197631836,0,39.10820393971729,-2.4477202892303467,-2.0049540996551514
56,56,HaskellMacDonald_28_SP,SP,Do you remember if the water or the beers,are,is,0,19.63424050550243,-3.7870430946350098,-2.377729892730713,0,28.83445791518438,-3.677665233612061,-2.7742276191711426,0,13.977099928572668,-4.18168830871582,-2.364495038986206,0,40.92180284207375,-3.975990533828736,-3.6087915897369385,0,17.920670687395376,-4.065351486206055,-2.543620109558105,100,78.10808790177377,-1.786950707435608,-3.058927059173584,0,6.560776057158262,-4.820653915405273,-2.1644515991210938,0,7.243063712226301,-4.094573497772217,-1.54463529586792,0,23.787784675136912,-3.966106414794922,-2.8017568588256836,0,22.506230237878068,-3.59566330909729,-2.359257936477661
57,57,HaskellMacDonald_28_PS,PS,Do you remember if the waters or the beer,are,is,0,25.183848244637517,-3.220405340194702,-2.1315743923187256,0,42.30185007757953,-2.8323616981506348,-2.52196741104126,0,23.94889714297363,-3.882912397384644,-2.727429151535034,100,67.65623033088424,-2.032875061035156,-2.770893096923828,0,24.041565115219885,-3.459290027618408,-2.3088879585266118,100,83.30147723638231,-1.2942969799041748,-2.9014430046081543,0,49.25051581261136,-2.152360439300537,-2.1223788261413574,0,35.8904084460553,-2.431561231613159,-1.8514373302459717,0,45.12908457946938,-2.5892386436462402,-2.393782138824463,0,49.337378196773415,-2.992788314819336,-2.9662818908691406
58,58,HaskellMacDonald_29_SP,SP,Ask the boss if the case or the boxes,are,is,0,31.906253764581187,-4.277740955352783,-3.519657611846924,0,22.796879618869173,-3.4656219482421875,-2.2458057403564453,0,44.2027913174778,-3.681674480438232,-3.448738574981689,100,74.22944006635107,-2.142952442169189,-3.200880527496338,0,12.24953268870827,-4.274961948394775,-2.305952548980713,100,59.32567738154154,-2.8872222900390625,-3.264667510986328,100,56.4805133239429,-3.2659385204315186,-3.526625394821167,0,33.27604212406746,-3.8645131587982178,-3.1687867641448975,0,45.89034899285351,-3.0416746139526367,-2.8769168853759766,100,79.63620544290262,-1.9468451738357544,-3.3105554580688477
59,59,HaskellMacDonald_29_PS,PS,Ask the boss if the cases or the box,are,is,100,70.30682857807469,-3.1434144973754883,-4.005366325378418,100,75.33507799394053,-3.253411769866944,-4.369975566864014,0,31.065460846058183,-4.760382652282715,-3.9633219242095943,100,90.5416597865222,-1.640734076499939,-3.899647235870361,100,69.46802956126747,-3.30461859703064,-4.126710891723633,100,63.61754408665592,-3.258284091949463,-3.817086696624756,0,46.089024022720935,-2.570744752883911,-2.41398549079895,0,42.78743025767627,-2.8538827896118164,-2.5633535385131836,0,16.310942589035925,-4.017633438110352,-2.38236141204834,100,75.37729722270886,-1.7953377962112427,-2.914175033569336
60,60,HaskellMacDonald_30_SP,SP,!I'm confused about whether the picture or the prizes,were,was,0,38.07269625950471,-4.013881683349609,-3.5274178981781006,0,36.08705838334025,-4.258917808532715,-3.68733024597168,0,32.2475140279902,-3.4056835174560547,-2.663263320922852,0,15.12989712553938,-4.51203727722168,-2.787588119506836,0,30.109446015034063,-4.304036617279053,-3.461945056915283,0,32.23076388656392,-3.8879706859588623,-3.1447837352752686,0,24.142022054198236,-3.9190454483032227,-2.774136543273926,0,33.779590154060415,-2.949679374694824,-2.276547431945801,0,32.21231068307889,-3.737913131713867,-2.9938812255859375,100,82.6960511307287,-3.3328137397766113,-4.897050857543945
61,61,HaskellMacDonald_30_PS,PS,!I'm confused about whether the pictures or the prize,were,was,0,19.330441054205103,-4.142946243286133,-2.714266061782837,0,35.71511753042678,-4.01837682723999,-3.430626392364502,0,43.0427655452021,-2.9176011085510254,-2.6374945640563965,0,33.68713228827926,-4.066828727722168,-3.38956069946289,0,25.496902171225283,-4.083593368530273,-3.0113096237182617,100,58.767460739820365,-2.955202102661133,-3.3095626831054688,0,42.383618840608115,-2.837280750274658,-2.530235767364502,0,44.36802176987404,-2.9440762996673584,-2.71783709526062,0,27.808636732292364,-4.0199360847473145,-3.065962314605713,100,54.47342276348161,-3.031715154647827,-3.2111318111419678
62,62,HaskellMacDonald_31_SP,SP,Do you think the light or the signs,are,is,0,44.06018254225311,-4.289267539978027,-4.0505475997924805,0,14.501340955856117,-4.777135372161865,-3.002875804901123,0,23.58628034426665,-5.771071434020996,-4.595574378967285,0,36.98465756915898,-3.145648002624512,-2.6127729415893555,0,22.901283927863943,-5.039300918579102,-3.825407266616821,0,32.84995602111983,-4.529806137084961,-3.8148269653320312,0,49.78521002333916,-4.527237415313721,-4.518645763397217,0,48.20771746734627,-3.249865770339966,-3.1781437397003174,0,30.13357420752434,-4.848067760467529,-4.00712251663208,100,58.074475113951166,-4.010218143463135,-4.336049556732178
63,63,HaskellMacDonald_31_PS,PS,Do you think the lights or the sign,are,is,0,16.35889283124324,-3.9909451007843018,-2.3591816425323486,0,13.911781629733476,-3.684675693511963,-1.8620392084121704,0,28.51734260956122,-4.998801708221436,-4.079859256744385,0,8.801014876356492,-3.526586532592773,-1.1884098052978516,0,3.5165035437788776,-4.814573287963867,-1.5026684999465942,0,14.745660647035749,-3.942509651184082,-2.187819480895996,0,17.13174870125532,-3.43388032913208,-1.857561707496643,0,10.508284802169015,-3.9697017669677734,-1.8277196884155273,0,7.96951671096415,-4.519981384277344,-2.0734853744506836,0,43.256846835260035,-3.003452777862549,-2.7320733070373535
64,64,HaskellMacDonald_32_SP,SP,Find out whether the price or the taxes,are,is,100,78.76905897272549,-1.7860777378082275,-3.0971384048461914,100,51.80640244454848,-2.2920947074890137,-2.364382266998291,100,72.02549098564111,-2.5279078483581543,-3.4736342430114746,100,82.12192177998881,-1.6999295949935913,-3.2245593070983887,0,43.763243669879365,-2.709523200988769,-2.458746910095215,100,67.64235099193523,-1.8948028087615967,-2.6321866512298584,0,39.246598056074575,-2.5121936798095703,-2.075235366821289,100,66.64026589982504,-2.1885128021240234,-2.880472183227539,0,49.945640585382066,-2.5754902362823486,-2.5733158588409424,100,66.36783133776355,-2.068631887435913,-2.748361349105835
65,65,HaskellMacDonald_32_PS,PS,Find out whether the prices or the tax,are,is,100,77.35217479399167,-2.426650047302246,-3.65495491027832,0,11.336867316458523,-5.864996910095215,-3.808212757110596,0,6.586623197360604,-5.848503112792969,-3.19650936126709,0,31.067048739148028,-4.250502586364746,-3.4535160064697266,0,10.951292463942204,-5.88480281829834,-3.789076805114746,100,52.55676230498557,-3.8520383834838867,-3.9543981552124023,0,40.91479403299941,-3.28056263923645,-2.913073778152466,0,41.664527484608335,-3.2856507301330566,-2.9490904808044434,100,50.81822123663592,-3.997581720352173,-4.030313491821289,0,9.967949012436714,-5.486917018890381,-3.286126136779785
66,66,HaskellMacDonald_33_SP,SP,Did you think the team or the experts,were,was,100,99.30119659237091,-3.1464343070983887,-8.102977752685547,100,96.88607085694817,-3.20177960395813,-6.639430046081543,100,98.18306915261358,-2.4649033546447754,-6.454588413238525,100,93.9667115916138,-2.894425868988037,-5.640074253082275,100,95.05858634970534,-3.3627257347106934,-6.319567680358887,100,97.70192043324515,-2.827763557434082,-6.577610969543457,100,91.3021164758768,-4.015410423278809,-6.366504669189453,100,96.36466862007782,-3.0888192653656006,-6.36625862121582,100,99.3388920887197,-2.0542454719543457,-7.066620826721191,100,97.49604326603198,-3.1118216514587402,-6.77376127243042
67,67,HaskellMacDonald_33_PS,PS,Did you think the teams or the expert,were,was,0,32.45182857888261,-5.014276504516602,-4.281192302703857,0,30.15998328133444,-5.363095283508301,-4.523404121398926,0,28.67007947519964,-4.999178409576416,-4.087716579437256,100,58.95684504947686,-3.243660449981689,-3.605842113494873,0,49.137820835855415,-3.732046842575073,-3.697556257247925,100,60.24830671526651,-3.415764570236206,-3.8315865993499756,0,41.98029358464168,-4.159214973449707,-3.835632562637329,100,87.80277439282968,-2.0458903312683105,-4.019774913787842,100,85.97012536475506,-2.0608882904052734,-3.873699188232422,0,38.12582607125537,-3.934957504272461,-3.450746536254883
68,68,HaskellMacDonald_34_SP,SP,Can you find out if the barrel or the packages,are,is,100,77.51220619883145,-1.687377691268921,-2.924840450286865,100,88.81384836159705,-1.3312098979949951,-3.403075933456421,100,60.31415934922959,-2.1907730102539062,-2.6093454360961914,100,88.91948850111288,-1.3966563940048218,-3.479199886322021,0,38.09953031039724,-2.556973457336426,-2.0716476440429688,100,75.69973805102924,-1.431418538093567,-2.5677061080932617,100,72.4015481225762,-2.2015397548675537,-3.1660077571868896,100,55.35750509968528,-1.8381056785583496,-2.053231716156006,0,30.310816037697148,-3.257050037384033,-2.4245095252990723,0,42.119888004960934,-2.1916065216064453,-1.8737527132034302
69,69,HaskellMacDonald_34_PS,PS,Can you find out if the barrels or the package,are,is,0,8.358123506638668,-3.955092906951904,-1.5604385137557983,0,21.157379321852854,-3.3302347660064697,-2.0147697925567627,0,12.467270277592595,-4.254961013793945,-2.3060550689697266,0,27.072927933597896,-2.7922420501708984,-1.8013163805007937,0,7.165397778543235,-3.952969074249268,-1.3914132118225098,0,0.8151937093689552,-5.963444709777832,-1.162130355834961,0,2.910000426362588,-5.706002235412598,-2.198517084121704,0,10.146990323148573,-3.4020252227783203,-1.2210272550582886,0,5.341922914341472,-4.7610015869140625,-1.8863160610198975,0,2.5041179645042497,-5.052006721496582,-1.3901331424713135
70,70,HaskellMacDonald_35_SP,SP,Do you know whether the phone or the cameras,were,was,100,95.70942812898848,-3.0006778240203857,-6.105574607849121,100,74.49021522700794,-3.549437522888184,-4.621043205261231,100,65.1167506913371,-3.9116640090942383,-4.535839080810547,100,92.58780030145142,-2.297249794006348,-4.822279930114746,100,91.42943825638548,-2.602022171020508,-4.969256401062012,100,94.80902580428366,-2.8244383335113525,-5.729381561279297,100,85.23063346389314,-3.3266587257385254,-5.079464435577393,100,84.55363603567467,-2.7314507961273193,-4.431463241577148,100,91.23538347424015,-2.0557847023010254,-4.398504734039307,100,94.07261811781615,-2.564568519592285,-5.329052925109863
71,71,HaskellMacDonald_35_PS,PS,Do you know whether the phones or the camera,were,was,0,28.27644787682693,-4.627998352050781,-3.697208404541016,0,28.45666845833023,-4.6830830574035645,-3.761162281036377,0,23.01393907146667,-4.506482601165772,-3.298958301544189,100,63.918308425665536,-3.018456220626831,-3.5902764797210693,0,35.782825942858416,-4.178787708282471,-3.593985080718994,100,62.621391865947864,-3.8900651931762695,-4.406073570251465,0,42.5023181480846,-4.3763933181762695,-4.074207305908203,100,62.87169001863961,-3.3134286403656006,-3.8401448726654053,0,48.95969743307419,-4.035735130310059,-3.994117021560669,100,72.02357421216614,-3.088426351547241,-4.0340576171875
72,72,HaskellMacDonald_36_SP,SP,The board wants to know if the theater or the coffee shops,were,was,100,93.97194715610486,-1.837732553482056,-4.5843048095703125,0,47.68744116819404,-3.320366859436035,-3.2277984619140625,100,80.96531419108398,-2.636950254440308,-4.084708213806152,100,73.87714179124657,-3.092637538909912,-4.132230281829834,100,64.09396644390213,-2.759403705596924,-3.33884859085083,100,79.82592009371461,-3.3553519248962402,-4.730801582336426,100,70.98520737556167,-3.5298609733581543,-4.424526691436768,100,95.21718894397307,-2.200885534286499,-5.192017555236816,100,82.1560271323075,-2.5068724155426025,-4.03382682800293,100,65.48444531496264,-3.751675844192505,-4.392078399658203
73,73,HaskellMacDonald_36_PS,PS,The board wants to know if the theaters or the coffee shop,were,was,100,59.00416720315614,-2.571357488632202,-2.935495138168335,0,17.71880934549566,-4.547359466552734,-3.011843681335449,0,43.57805216424701,-3.3414018154144287,-3.083097219467163,100,64.72146490927234,-2.677178382873535,-3.28399658203125,100,56.299343274530365,-3.045695543289185,-3.2990152835845947,100,55.54500666751012,-3.711385488510132,-3.9341018199920654,100,51.55575107739955,-3.4593896865844727,-3.521639823913574,0,27.740778910207464,-3.8710083961486816,-2.913651943206787,0,29.977137994243087,-3.8658504486083984,-3.0174636840820312,0,41.37623460424001,-3.754533290863037,-3.406099796295166
74,74,HaskellMacDonald_37_SP,SP,Vivian must know whether the book store or the restaurants,were,was,100,93.18675420836723,-1.7929425239562988,-4.408679485321045,100,61.12627816915233,-3.936201572418213,-4.388824939727783,100,65.45355549745577,-3.24997878074646,-3.889014959335327,100,81.13152500301827,-2.348855972290039,-3.8074350357055664,100,87.7345692897987,-2.21701717376709,-4.184548377990723,100,88.14215940616805,-3.420147657394409,-5.426109313964844,100,77.57253275066364,-3.079517126083374,-4.320444107055664,100,57.87207030898909,-2.687239646911621,-3.004763603210449,100,70.51576664235097,-2.688141345977783,-3.560122013092041,100,78.18837825155066,-3.071316719055176,-4.347994804382324
75,75,HaskellMacDonald_37_PS,PS,Vivian must know whether the book stores or the restaurant,were,was,0,23.70781903148964,-4.414302349090576,-3.2455368041992188,0,12.995079481156182,-5.400618076324463,-3.4992241859436035,100,61.93659529406212,-4.033754348754883,-4.520612239837647,100,68.23573538009965,-2.929493904113769,-3.694120407104492,0,44.1223165522369,-5.131238460540772,-4.895039081573486,100,83.8456030957466,-3.5369315147399902,-5.183716297149658,100,75.70606834386385,-3.267474412918091,-4.404106140136719,0,42.77979637068244,-4.294872283935547,-4.004031181335449,0,29.3072234696874,-3.888361930847168,-3.007852554321289,0,43.30104691122889,-3.7671782970428467,-3.4975993633270264
76,76,HaskellMacDonald_38_SP,SP,Can you tell me whether the broker or the salesmen,were,was,100,86.64457944003753,-3.465682983398437,-5.335575103759766,100,87.04283884403297,-3.6992454528808594,-5.603997230529785,100,88.70760720962012,-2.6614251136779785,-4.722641468048096,100,79.09837038613165,-2.787465810775757,-4.118330955505371,100,87.16726909440101,-3.324634313583374,-5.240464210510254,100,93.7393943839299,-2.9991912841796875,-5.705432891845703,100,90.94728199592048,-3.6312873363494873,-5.938502311706543,100,84.18298377682466,-4.013322830200195,-5.685229301452637,100,98.62403710869947,-2.837052583694458,-7.109213829040527,100,96.91481936293485,-3.7629456520080566,-7.21016788482666
77,77,HaskellMacDonald_38_PS,PS,Can you tell me whether the brokers or the salesman,were,was,100,54.18693515558505,-4.112727165222168,-4.280597686767578,0,34.507768265839104,-4.204484939575195,-3.5637378692626958,0,38.52583340778723,-3.6074142456054688,-3.1401262283325195,100,71.84234488607619,-3.2447702884674072,-4.181425094604492,100,59.75742318963465,-3.7351014614105225,-4.13046932220459,100,76.8250985643713,-3.5917134284973145,-4.790174961090088,100,83.75226559320038,-3.5312795639038086,-5.171189308166504,100,77.9730941500004,-3.474522590637207,-4.738621711730957,100,80.07630659932138,-3.4110536575317383,-4.8021240234375,100,70.56160775192478,-3.661731243133545,-4.53591775894165
78,78,HaskellMacDonald_39_SP,SP,Tell me whether the board or the presidents,are,is,100,97.52200587415402,-1.7315404415130615,-5.404169082641602,100,93.47089828074492,-2.3335366249084477,-4.994917392730713,100,94.51218484836232,-2.41832971572876,-5.264528274536133,100,89.21590112507612,-2.1956958770751958,-4.308682441711426,100,94.23693117784002,-2.2520556449890137,-5.046397686004639,100,85.95467006203542,-3.141983985900879,-4.953514099121094,100,84.8977700462031,-3.852963447570801,-5.579568862915039,100,96.86315401549997,-2.6057591438293457,-6.0358405113220215,100,97.30946411857761,-1.3141621351242065,-4.902318000793457,100,96.4542634441048,-1.7389438152313232,-5.042266845703125
79,79,HaskellMacDonald_39_PS,PS,Tell me whether the boards or the president,are,is,100,67.72651841003122,-2.852541446685791,-3.593773365020752,0,18.98539138900779,-4.132938385009766,-2.681978702545166,0,25.721498117432173,-4.555370330810547,-3.494875907897949,100,55.97775167819508,-3.1800599098205566,-3.420319080352783,0,17.917388427914865,-3.826578378677368,-2.30462384223938,0,44.45464010330921,-2.869821786880493,-2.6470911502838135,0,17.15310534316374,-4.211983680725098,-2.6371686458587646,0,6.962230908040714,-4.5383429527282715,-1.945837378501892,0,9.800045236636741,-4.5214080810546875,-2.3017661571502686,0,12.3801546750483,-3.830075740814209,-1.8731629848480225
